Product URL,Product Name,Product Price,Rating,Number of Reviews
https://www.amazon.in/Skybags-Brat-Black-Casual-Backpack/dp/B08Z1HHHTD/ref=mp_s_a_1_1?crid=2M096C61O4MLT&keywords=bags&qid=1692733874&sprefix=ba%2Caps%2C283&sr=8-1,Skybags Brat Black 46 Cms Casual Backpack,669,4.1,0
https://www.amazon.in/American-Tourister-AMT-SCH-02/dp/B07CJCGM1M/ref=mp_s_a_1_2?crid=2M096C61O4MLT&keywords=bags&qid=1692733874&sprefix=ba%2Caps%2C283&sr=8-2,American Tourister Fizz Large Size 32 Ltrs Casual Backpack (BLACK),"1,199",4.0,0
https://www.amazon.in/Half-Moon-Waterproof-Backpack-Students/dp/B085MHDJ93/ref=mp_s_a_1_3?crid=2M096C61O4MLT&keywords=bags&qid=1692733874&sprefix=ba%2Caps%2C283&sr=8-3,"Half Moon 35 Ltrs Water Resistant 15.6 inch Laptop Bag for Men/Backpack for Men, Navy Blue | Office Bag for Men/Office Bag for Women with Padded Laptop Compartment | Rain Cover & Reflective Strips",649,3.9,0
https://www.amazon.in/Rucksack-Travel-Backpack-Trekking-Compartment/dp/B07YDGQQN5/ref=mp_s_a_1_4?crid=2M096C61O4MLT&keywords=bags&qid=1692733874&sprefix=ba%2Caps%2C283&sr=8-4,"Fur Jaden 55 LTR Rucksack Travel Backpack Bag for Trekking, Hiking with Shoe Compartment",849,4.3,0
https://www.amazon.in/Number-Backpack-Compartment-Charging-Organizer/dp/B09VTDMRY7/ref=mp_s_a_1_5?crid=2M096C61O4MLT&keywords=bags&qid=1692733874&sprefix=ba%2Caps%2C283&sr=8-5,"FUR JADEN Anti Theft Number Lock Backpack Bag with 15.6 Inch Laptop Compartment, USB Charging Port & Organizer Pocket for Men Women Boys Girls",679,4.0,0
https://www.amazon.in/TRUE-HUMAN-Anti-Theft-backpack-charging/dp/B09QJ7ZF2Y/ref=mp_s_a_1_6?crid=2M096C61O4MLT&keywords=bags&qid=1692733874&sprefix=ba%2Caps%2C283&sr=8-6,TRUE HUMAN EMPEROR® Anti-Theft backpack With USB charging Port Laptop bag/Office bag/college bag/travel bag with anti -theft back pocket (LEGEND),599,3.7,0
https://www.amazon.in/FUR-JADEN-Leatherette-Polypropylene-DUFF05/dp/B07M9BRCQ5/ref=mp_s_a_1_7?crid=2M096C61O4MLT&keywords=bags&qid=1692733874&sprefix=ba%2Caps%2C283&sr=8-7,Fur Jaden Brown Textured Leatherette Stylish & Spacious Weekender Duffle Bag for Travel,899,4.3,0
https://www.amazon.in/Backpack-Small-Black-Water-Repellant/dp/B088XB5XY8/ref=mp_s_a_1_8?crid=2M096C61O4MLT&keywords=bags&qid=1692733874&sprefix=ba%2Caps%2C283&sr=8-8,"Mi Step Out 12 L Mini Backpack (Small Size, Black, Water Repellant)",249,4.1,0
https://www.amazon.in/Half-Moon-Backpack-Luggage-Compartment/dp/B09VCLZ3K4/ref=mp_s_a_1_9?crid=2M096C61O4MLT&keywords=bags&qid=1692733874&sprefix=ba%2Caps%2C283&sr=8-9,Half Moon Large 37L Laptop Bag Backpack for menं Women Boys and Girls Luggage Travel Bags with 17.3 inches Laptop Compartment & Rain Cover,849,3.9,0
https://www.amazon.in/GEAR-Black-Blue-Backpack-years/dp/B019HA8AYG/ref=mp_s_a_1_10?crid=2M096C61O4MLT&keywords=bags&qid=1692733874&sprefix=ba%2Caps%2C283&sr=8-10,Gear CarryOn 16L Foldable Water Resistant School Bag//Backpack/College Bag for Men/Women - Blue Black,199,3.7,0
https://www.amazon.in/Gear-Classic-Leather-Backpack-LBPCLSLTH0201/dp/B07G4F6XFH/ref=mp_s_a_1_11?crid=2M096C61O4MLT&keywords=bags&qid=1692733874&sprefix=ba%2Caps%2C283&sr=8-11,Gear Classic 20L Small Size Faux Leather Water Resistant Anti Theft Unisex Laptop Backpack- Brown,979,4.4,0
https://www.amazon.in/Wesley-Milestone-Waterproof-Backpack-Business/dp/B084JGJ8PF/ref=mp_s_a_1_12?crid=2M096C61O4MLT&keywords=bags&qid=1692733874&sprefix=ba%2Caps%2C283&sr=8-12,Wesley Milestone 2.0 Casual Waterproof Laptop Backpack/Office Bag/School Bag/College Bag/Business Bag/Travel Backpack (Dimensions:13x18 inches) (Compatible with 39.62cm(15.6inch laptop) 30 L (Blue & black),588,4.3,0
https://www.amazon.in/SFANE-Duffel-Shoulder-Women-Compartment/dp/B07XXFB9CZ/ref=mp_s_a_1_13?crid=2M096C61O4MLT&keywords=bags&qid=1692733874&sprefix=ba%2Caps%2C283&sr=8-13,Sfane Polyester 23cms Duffle/Shoulder/Gym Bag for Men & Women with Separate Shoe Compartment (Grey),387,4.3,0
https://www.amazon.in/Safari-Laptop-Backpack-Resistant-Fabric/dp/B09B25Z8M2/ref=mp_s_a_1_14?crid=2M096C61O4MLT&keywords=bags&qid=1692733874&sprefix=ba%2Caps%2C283&sr=8-14,Safari Quill Large Laptop Backpack 26 Ltrs Water Resistant Fabric - Black,859,3.9,0
https://www.amazon.in/Fur-Jaden-Black-Waterproof-Backpack/dp/B078GLXMDY/ref=mp_s_a_1_15?crid=2M096C61O4MLT&keywords=bags&qid=1692733921&sprefix=ba%2Caps%2C283&sr=8-15,FUR JADEN Anti Theft Backpack 15.6 Inch Laptop Bag with USB Charging Port For Men Women Boys Girls,839,4.0,0
https://www.amazon.in/ADISA-Laptop-Backpack-Office-College/dp/B09TPX22NF/ref=mp_s_a_1_16?crid=2M096C61O4MLT&keywords=bags&qid=1692733921&sprefix=ba%2Caps%2C283&sr=8-16,ADISA 15.6 inch laptop backpack office bag college travel back pack 32 Ltrs,499,3.9,0
https://www.amazon.in/Lenovo-15-6-Inches-Everyday-Backpack/dp/B08R7RPVJF/ref=mp_s_a_1_17?crid=2M096C61O4MLT&keywords=bags&qid=1692733921&sprefix=ba%2Caps%2C283&sr=8-17,"Lenovo 15.6"" (39.62cm) Slim Everyday Backpack, Made in India, Compact, Water-resistant, Organized storage:Laptop sleeve,tablet pocket,front workstation,2-side pockets,Padded adjustable shoulder straps",399,4.3,0
https://www.amazon.in/Zipline-Nexa-Resistant-Bagpack-Backpack/dp/B08WQ668WJ/ref=mp_s_a_1_18?crid=2M096C61O4MLT&keywords=bags&qid=1692733921&sprefix=ba%2Caps%2C283&sr=8-18,Zipline Unisex Casual Polyester 36 L Backpack School Bag Women Men Boys Girls Children Daypack College Bag Book School Sports Bag,843,3.6,0
https://www.amazon.in/ZIPLINE-Polyester-Backpack-Children-Daypack/dp/B07XVMR33Q/ref=mp_s_a_1_19?crid=2M096C61O4MLT&keywords=bags&qid=1692733921&sprefix=ba%2Caps%2C283&sr=8-19,Zipline Unisex casual polyester 36 L Backpack School Bag Women Men Boys Girls children Daypack College Bag Book School Sports Bag Weekend Bag,843,4.0,0
https://www.amazon.in/WILDHORN-Backpack-Compartment-Business-Stitching/dp/B09QL66G55/ref=mp_s_a_1_20?crid=2M096C61O4MLT&keywords=bags&qid=1692733921&sprefix=ba%2Caps%2C283&sr=8-20,"WILDHORN 31L Laptop Backpack for Men/Women I Fits upto 15.6"" Laptop I Waterproof I Travel/Business/College Bookbags",599,4.1,0
https://www.amazon.in/Lunars-V-Line-Resistant-Bagpack-College/dp/B08BP5CYDV/ref=mp_s_a_1_21?crid=2M096C61O4MLT&keywords=bags&qid=1692733921&sprefix=ba%2Caps%2C283&sr=8-21,"Lunar's V-Line Backpack for Men, Blue | 35L Water Resistant School Bags for Boys | Stylish, & Durable | College Bags for Men/College Bag for Girls | 1 Yr Warranty",735,4.1,0
https://www.amazon.in/Safari-Laptop-Backpack-Resistant-Fabric/dp/B09B28TKLG/ref=mp_s_a_1_22?crid=2M096C61O4MLT&keywords=bags&qid=1692733921&sprefix=ba%2Caps%2C283&sr=8-22,Safari Quill Large Laptop Backpack 26 Ltrs Water Resistant Fabric - Blue,859,4.0,0
https://www.amazon.in/Lavie-Sport-Duffle-Luggage-Trolley/dp/B097RJ22Q3/ref=mp_s_a_1_23?crid=2M096C61O4MLT&keywords=bags&qid=1692733921&sprefix=ba%2Caps%2C283&sr=8-23,Lavie Sport Lino Large Size 63 cms Wheel Duffle Bag for Travel | Travel Bag with Trolley,"1,049",4.0,0
https://www.amazon.in/ADISA-BP005-Weight-Casual-Backpack/dp/B07F3X45WZ/ref=mp_s_a_1_24?crid=2M096C61O4MLT&keywords=bags&qid=1692733921&sprefix=ba%2Caps%2C283&sr=8-24,ADISA Light Weight Laptop Backpack 32 Ltrs,499,4.0,0
https://www.amazon.in/Arctic-Fox-Liters-String-Backpack/dp/B08L6Q9V1H/ref=mp_s_a_1_25?crid=2M096C61O4MLT&keywords=bags&qid=1692733921&sprefix=ba%2Caps%2C283&sr=8-25,Arctic Fox 15 Liters Draw String Bag Lavender Backpack,209,4.2,0
https://www.amazon.in/Wesley-Spartan-Hiking-Raincover-Organiser/dp/B098QFF5TJ/ref=mp_s_a_1_26?crid=2M096C61O4MLT&keywords=bags&qid=1692733921&sprefix=ba%2Caps%2C283&sr=8-26,Wesley Spartan Unisex Travel Hiking Laptop Bag fits Upto 17.3 inch with Raincover and Internal Organiser Backpack Rucksack College Bag,749,4.1,0
https://www.amazon.in/Nivia-6853-Polyester-Basic-Duffle/dp/B07FWQ9HRV/ref=mp_s_a_1_27?crid=2M096C61O4MLT&keywords=bags&qid=1692733921&sprefix=ba%2Caps%2C283&sr=8-27,NIVIA Basic Duffle Polyester Bag/Gym Bags/Adjustable Shoulder Bag for Men/Duffle Gym Bags for Men/Fitness Bag/Carry Bags/Sports & Travel Bag/Sports Kit/Duffle Bags Travel,269,4.0,0
https://www.amazon.in/Genie-Flamenco2-Backpack-Compatible-Resistant/dp/B08YF9VHTY/ref=mp_s_a_1_28?crid=2M096C61O4MLT&keywords=bags&qid=1692733921&sprefix=ba%2Caps%2C283&sr=8-28,Genie Flamenco2 Casual Backpacks for Women,733,4.3,0
https://www.amazon.in/SAFARI-Ltrs-Casual-Backpack-DAYPACKNEO15CBSEB/dp/B07Q7CNPMV/ref=mp_s_a_1_29?crid=2M096C61O4MLT&keywords=bags&qid=1692733942&sprefix=ba%2Caps%2C283&sr=8-29,Safari Compact Size 15 Ltrs Casual Backpack For Unisex Adult - Sea Blue,329,4.0,0
https://www.amazon.in/AUXTER-BLACKY-Duffel-Emboss-Black/dp/B07F2H25NP/ref=mp_s_a_1_30?crid=2M096C61O4MLT&keywords=bags&qid=1692733942&sprefix=ba%2Caps%2C283&sr=8-30,AUXTER Faux Leather 23 Cms Duffle Bag(AUX_GB_LE_Black -SE__0521_Black),429,4.3,0
https://www.amazon.in/American-Tourister-BACKPACK-COMPARTMENT-ORGANIZER/dp/B0BTD4FK9G/ref=mp_s_a_1_31?crid=2M096C61O4MLT&keywords=bags&qid=1692733942&sprefix=ba%2Caps%2C283&sr=8-31,"American Tourister VALEX BLUE LAPTOP BACKPACK 28 Ltrs,Volume, LAPTOP COMPARTMENT, BOTTLE POCKET, FRONT ORGANIZER","1,399",4.2,0
https://www.amazon.in/ADISA-Laptop-Backpack-Office-College/dp/B0BPTV3795/ref=mp_s_a_1_32?crid=2M096C61O4MLT&keywords=bags&qid=1692733942&sprefix=ba%2Caps%2C283&sr=8-32,ADISA 32L large laptop backpack office bag college travel back pack with rain cover,599,3.9,0
https://www.amazon.in/ADISA-Casual-Backpack-College-BP046-NAV_Navy/dp/B0BX3QFVSM/ref=mp_s_a_1_33?crid=2M096C61O4MLT&keywords=bags&qid=1692733942&sprefix=ba%2Caps%2C283&sr=8-33,ADISA 31 Ltrs Casual Backpack School College Bag Pack,399,3.9,0
https://www.amazon.in/Zebronics-TechshieldA1-Compartment-15-6-inch-Polyester/dp/B0C6QV9GCY/ref=mp_s_a_1_34?crid=2M096C61O4MLT&keywords=bags&qid=1692733942&sprefix=ba%2Caps%2C283&sr=8-34,"Zebronics TechshieldA1, 18 Liters, 1 Compartment Laptop Backpack and Front Pocket, fit Up to 15.6-inch Laptop, Polyester Fabric, Office Use and Mini Business Travel Bags (Light Grey)",599,5.0,0
https://www.amazon.in/Gear-Black-Laptop-Backpack-LBPASPIRE0104/dp/B075MK4TXP/ref=mp_s_a_1_35?crid=2M096C61O4MLT&keywords=bags&qid=1692733942&sprefix=ba%2Caps%2C283&sr=8-35,Gear Aspire 30L Water Restant Office Laptop Bag/Backpack for Men/Women/(Black),"1,115",4.3,0
https://www.amazon.in/American-Tourister-BACKPACK-COMPARTMENT-ORGANIZER/dp/B0BTD4S4XF/ref=mp_s_a_1_36?crid=2M096C61O4MLT&keywords=bags&qid=1692733942&sprefix=ba%2Caps%2C283&sr=8-36,"American Tourister VALEX BLACK LAPTOP BACKPACK 28 Ltrs,Volume, LAPTOP COMPARTMENT, BOTTLE POCKET, FRONT ORGANIZER","1,399",4.3,0
https://www.amazon.in/Nivia-5183-Polyester-Duffle-Medium/dp/B071KNXQ7Y/ref=mp_s_a_1_37?crid=2M096C61O4MLT&keywords=bags&qid=1692733942&sprefix=ba%2Caps%2C283&sr=8-37,NIVIA Beast Gym Bag-4 Polyester/Unisex Gym Bags/Shoulder Bag for Men & Women with Separate Shoes Compartment/Carry Gym Accessories/Fitness Bag/Sports & Travel Bag/Sports Kit,499,4.2,0
https://www.amazon.in/Half-Moon-Backpack-Spacious-Multiple/dp/B0C23Z9W18/ref=mp_s_a_1_38?crid=2M096C61O4MLT&keywords=bags&qid=1692733942&sprefix=ba%2Caps%2C283&sr=8-38,Half Moon Aztec 37L School Bag Class 5-12 | College Bagpack for Men/College Back pack for Women | 15.6 inch Laptop Bag for Men/Backpack for Men | Spacious & Multiple Pockets,649,3.6,0
https://www.amazon.in/Genie-Miami-litres-Casual-Backpack/dp/B07SRGGGNC/ref=mp_s_a_1_39?crid=2M096C61O4MLT&keywords=bags&qid=1692733942&sprefix=ba%2Caps%2C283&sr=8-39,"Genie Miami Laptop Backpack for Women,Tuition bag, 16 inches Office Bag, Sky Blue Stylish and Trendy Bag for Office and College",803,4.2,0
https://www.amazon.in/Wesley-Milestone-Waterproof-Backpack-Business/dp/B085S444JV/ref=mp_s_a_1_40?crid=2M096C61O4MLT&keywords=bags&qid=1692733942&sprefix=ba%2Caps%2C283&sr=8-40,"Wesley Milestone 2.0 Casual Waterproof Laptop Backpack/Office Bag/School Bag/College Bag/Business Bag/Travel Backpack (Dimensions:13x18 inches) (Compatible with 39.62cm(15.6inch laptop) 30 L, Charcoal black",588,4.3,0
https://www.amazon.in/LOOKMUSTER-Waterproof-Backpack-College-Business/dp/B0BS6YGKMC/ref=mp_s_a_1_41?crid=2M096C61O4MLT&keywords=bags&qid=1692733942&sprefix=ba%2Caps%2C283&sr=8-41,LOOKMUSTER Casual Waterproof Laptop Backpack/Office Bag/School Bag/College Bag/Business Bag/Travel Backpack…,613,3.9,0
https://www.amazon.in/AmazonBasics-Mini-Backpack-Outdoor-Black/dp/B0BRKFXT9Z/ref=mp_s_a_1_42?crid=2M096C61O4MLT&keywords=bags&qid=1692733942&sprefix=ba%2Caps%2C283&sr=8-42,AmazonBasics - Mini Backpack for Outdoor Use (12 l) (Black),279,3.7,0
https://www.amazon.in/LOOKMUSTER-Waterproof-Backpack-College-Business/dp/B0BS6YGKMC/ref=mp_s_a_1_43?crid=2M096C61O4MLT&keywords=bags&qid=1692733959&sprefix=ba%2Caps%2C283&sr=8-43,LOOKMUSTER Casual Waterproof Laptop Backpack/Office Bag/School Bag/College Bag/Business Bag/Travel Backpack…,613,3.9,0
https://www.amazon.in/TRUE-Emperor-Anti-Theft-backpack-charging/dp/B0BYB631NR/ref=mp_s_a_1_44?crid=2M096C61O4MLT&keywords=bags&qid=1692733959&sprefix=ba%2Caps%2C283&sr=8-44,"TRUE HUMAN® Emperor Anti-Theft Pocket backpack With USB charging Port Laptop,office,college,travel bag for men and women(Epower)",599,3.6,0
https://www.amazon.in/Lavie-Sport-Duffle-Luggage-Trolley/dp/B097RJ22Q3/ref=mp_s_a_1_45?crid=2M096C61O4MLT&keywords=bags&qid=1692733959&sprefix=ba%2Caps%2C283&sr=8-45,Lavie Sport Lino Large Size 63 cms Wheel Duffle Bag for Travel | Travel Bag with Trolley,"1,049",4.0,0
https://www.amazon.in/Zipline-Nexa-Resistant-Bagpack-Backpack/dp/B08WQ668WJ/ref=mp_s_a_1_46?crid=2M096C61O4MLT&keywords=bags&qid=1692733959&sprefix=ba%2Caps%2C283&sr=8-46,Zipline Unisex Casual Polyester 36 L Backpack School Bag Women Men Boys Girls Children Daypack College Bag Book School Sports Bag,843,3.6,0
https://www.amazon.in/Safari-Spartan-Water-Resistant-Backpack/dp/B09B26MB5M/ref=mp_s_a_1_47?crid=2M096C61O4MLT&keywords=bags&qid=1692733959&sprefix=ba%2Caps%2C283&sr=8-47,"Safari Spartan 21 Ltrs Water Resistant Backpack - Blue, S (SPARTAN19CBBLU)",609,3.8,0
https://www.amazon.in/Step-Backpack-Small-Water-Repellant/dp/B088XG77KN/ref=mp_s_a_1_48?crid=2M096C61O4MLT&keywords=bags&qid=1692733959&sprefix=ba%2Caps%2C283&sr=8-48,"Mi Step Out 12 L Mini Backpack (Small Size, Red, Water Repellant)",398,4.1,0
https://www.amazon.in/Motherly-Stylish-Babies-Diaper-Mothers/dp/B07DMKJJB4/ref=mp_s_a_1_49?crid=2M096C61O4MLT&keywords=bags&qid=1692733959&sprefix=ba%2Caps%2C283&sr=8-49,motherly Stylish Babies Diaper Bags for Mothers - Economical Version (Grey and Pink),"1,799",4.6,0
https://www.amazon.in/Uppercase-Professional-Backpack-Resistant-Sustainable/dp/B0BWNBQXDZ/ref=mp_s_a_1_50?crid=2M096C61O4MLT&keywords=bags&qid=1692733959&sprefix=ba%2Caps%2C283&sr=8-50,"uppercase Apex Professional Laptop Backpack (15.6 Inch) 3x more water resistant sustainable bags with rain proof zippers for Men, Women, Boys and Girls, 750 Days warranty","1,800",4.4,0
https://www.amazon.in/Fur-Jaden-Charging-Waterproof-BM36_BlueZip/dp/B07MXM5M99/ref=mp_s_a_1_51?crid=2M096C61O4MLT&keywords=bags&qid=1692733959&sprefix=ba%2Caps%2C283&sr=8-51,"Fur Jaden 15.6 Inch Laptop Backpack 25 LTR Bag for School, College and Office with USB Charging Port",479,3.9,0
https://www.amazon.in/Genie-Miami-litres-Casual-Backpack/dp/B07SRGGGNC/ref=mp_s_a_1_52?crid=2M096C61O4MLT&keywords=bags&qid=1692733959&sprefix=ba%2Caps%2C283&sr=8-52,"Genie Miami Laptop Backpack for Women,Tuition bag, 16 inches Office Bag, Sky Blue Stylish and Trendy Bag for Office and College",803,4.2,0
https://www.amazon.in/Safari-Spartan-Water-Resistant-Backpack/dp/B09B277CR5/ref=mp_s_a_1_53?crid=2M096C61O4MLT&keywords=bags&qid=1692733959&sprefix=ba%2Caps%2C283&sr=8-53,"Safari Spartan 21 Ltrs Water Resistant Backpack - Teal, S (SPARTAN19CBTEA)",609,3.8,0
https://www.amazon.in/ZIPLINE-Polyester-Backpack-Children-Daypack/dp/B07XVMR33Q/ref=mp_s_a_1_54?crid=2M096C61O4MLT&keywords=bags&qid=1692733959&sprefix=ba%2Caps%2C283&sr=8-54,Zipline Unisex casual polyester 36 L Backpack School Bag Women Men Boys Girls children Daypack College Bag Book School Sports Bag Weekend Bag,843,4.0,0
https://www.amazon.in/Half-Moon-Backpack-Spacious-Multiple/dp/B0C23Z9W18/ref=mp_s_a_1_55?crid=2M096C61O4MLT&keywords=bags&qid=1692733959&sprefix=ba%2Caps%2C283&sr=8-55,Half Moon Aztec 37L School Bag Class 5-12 | College Bagpack for Men/College Back pack for Women | 15.6 inch Laptop Bag for Men/Backpack for Men | Spacious & Multiple Pockets,649,3.6,0
https://www.amazon.in/DZert-Panda-School-Backpacks-Cartoon/dp/B07WSBV3BN/ref=mp_s_a_1_56?crid=2M096C61O4MLT&keywords=bags&qid=1692733959&sprefix=ba%2Caps%2C283&sr=8-56,DZert Kids School Bag Soft Plush Backpacks Cartoon Boys Girls Baby (2-5 Years),249,3.7,0
https://www.amazon.in/Tabelito%C2%AE-Basic-Laptop-Sleeve-Surfacepro/dp/B09NDTW8SP/ref=mp_s_a_1_57?crid=2M096C61O4MLT&keywords=bags&qid=1692733982&sprefix=ba%2Caps%2C283&sr=8-57,Tabelito® Basic Laptop Bag Laptop Cover Laptop Bags Laptop Sleeve Office Bag Laptop Bag 15.6 inch(39.6cm) Laptop Apple/Lenovo/Asus/Hp/MacBook/Thinkpad/Ideapad (Grey),299,4.1,0
https://www.amazon.in/NORTH-ZONE-Lightweight-Backpacks-Stylish/dp/B0BL3S5NC1/ref=mp_s_a_1_58?crid=2M096C61O4MLT&keywords=bags&qid=1692733982&sprefix=ba%2Caps%2C283&sr=8-58,NORTH ZONE Lightweight school bags Backpacks for Boys Girls Stylish men and women Casual Travel Laptop Bag College office,630,4.0,0
https://www.amazon.in/AirCase-C34-Laptop-Backpack-Women/dp/B07QL8633G/ref=mp_s_a_1_59?crid=2M096C61O4MLT&keywords=bags&qid=1692733982&sprefix=ba%2Caps%2C283&sr=8-59,"AirCase Laptop Bag Backpack Case Pouch for Laptop Backpack for Men & Women,Premium Vegan Leather",929,3.9,0
https://www.amazon.in/Lunars-Bingo-Laptop-Resistant-48L/dp/B08YZ5XY31/ref=mp_s_a_1_60?crid=2M096C61O4MLT&keywords=bags&qid=1692733982&sprefix=ba%2Caps%2C283&sr=8-60,Lunar's Bingo - 48 L Laptop Office/School/Travel/Business Backpack Water Resistant - Fits Up to 15.6 Inch Laptop Notebook with 1 Year Warranty,819,3.9,0
https://www.amazon.in/NORTH-ZONE-Northzone-Business-Messenger/dp/B0C555LQF4/ref=mp_s_a_1_61?crid=2M096C61O4MLT&keywords=bags&qid=1692733982&sprefix=ba%2Caps%2C283&sr=8-61,NORTH ZONE Northzone Sling Cross Body Travel Office Business Messenger One Side Shoulder Pouch Bag Money Bag for Men and Women,249,3.8,0
https://www.amazon.in/ADISA-BP010-Weight-Casual-Backpack/dp/B07MXL986B/ref=mp_s_a_1_62?crid=2M096C61O4MLT&keywords=bags&qid=1692733982&sprefix=ba%2Caps%2C283&sr=8-62,ADISA 32 Ltrs Water Resistant Casual Travel Bagpack/College Backpack/School Office Bag for Men and Women,499,3.9,0
https://www.amazon.in/Genie-Miami-litres-Casual-Backpack/dp/B07SRGGGNC/ref=mp_s_a_1_63?crid=2M096C61O4MLT&keywords=bags&qid=1692733982&sprefix=ba%2Caps%2C283&sr=8-63,"Genie Miami Laptop Backpack for Women,Tuition bag, 16 inches Office Bag, Sky Blue Stylish and Trendy Bag for Office and College",803,4.2,0
https://www.amazon.in/Waterproof-Backpack-Students-adjustable-Compartment/dp/B09V5HRYR7/ref=mp_s_a_1_64?crid=2M096C61O4MLT&keywords=bags&qid=1692733982&sprefix=ba%2Caps%2C283&sr=8-64,CAPRIFF 32 L Casual Waterproof Laptop Bag/Backpack for Men Boys & Girls For Office School College Teens & Students with Rain Cover With adjustable Strap With 2 Compartment,699,3.8,0
https://www.amazon.in/Nivia-6853-Polyester-Basic-Duffle/dp/B07FWQ9HRV/ref=mp_s_a_1_65?crid=2M096C61O4MLT&keywords=bags&qid=1692733982&sprefix=ba%2Caps%2C283&sr=8-65,NIVIA Basic Duffle Polyester Bag/Gym Bags/Adjustable Shoulder Bag for Men/Duffle Gym Bags for Men/Fitness Bag/Carry Bags/Sports & Travel Bag/Sports Kit/Duffle Bags Travel,269,4.0,0
https://www.amazon.in/Police-Polyester-laptop-casual-backpack/dp/B09CQ5T3LN/ref=mp_s_a_1_66?crid=2M096C61O4MLT&keywords=bags&qid=1692733982&sprefix=ba%2Caps%2C283&sr=8-66,POLICE Backpack for Men Casual Laptop Bag Office/Travel/College 30 Ltr Hedge Polyester - Black,"1,399",4.1,0
https://www.amazon.in/AUXTER-BLACKY-Duffel-Emboss-Black/dp/B07F2H25NP/ref=mp_s_a_1_67?crid=2M096C61O4MLT&keywords=bags&qid=1692733982&sprefix=ba%2Caps%2C283&sr=8-67,AUXTER Faux Leather 23 Cms Duffle Bag(AUX_GB_LE_Black -SE__0521_Black),429,4.3,0
https://www.amazon.in/ADISA-Womens-Girls-Party-Crossbody/dp/B0B2WBJ2H8/ref=mp_s_a_1_68?crid=2M096C61O4MLT&keywords=bags&qid=1692733982&sprefix=ba%2Caps%2C283&sr=8-68,ADISA Women's Girls Party Sling Bag Crossbody,394,4.0,0
https://www.amazon.in/Waterproof-Backpack-College-Business-Dimensions/dp/B0BW95MXRJ/ref=mp_s_a_1_69?crid=2M096C61O4MLT&keywords=bags&qid=1692733982&sprefix=ba%2Caps%2C283&sr=8-69,NORTH ZONE Casual Waterproof Laptop Backpack/Office Bag/School Bag/College Bag/Business Bag/Travel Backpack (Dimensions:13x18 inches) (Compatible with 39.62cm(15.6inch laptop) 30 L (Blue & black),486,4.6,0
https://www.amazon.in/TAGUDA-foldable-portable-lightweight-organizer/dp/B0B8CSC4F1/ref=mp_s_a_1_70?crid=2M096C61O4MLT&keywords=bags&qid=1692733982&sprefix=ba%2Caps%2C283&sr=8-70,TAGUDA Travel Foldable Portable Lightweight Luggage Storage Duffle Tote Hand Organizer Easy Carry Bags Backpack Set for Men Women Travel Luggage (Mint Green Travel Bag),299,3.4,0
https://www.amazon.in/Bagneeds-Synthetic-Leather-Briefcase-Messenger/dp/B0855F8174/ref=mp_s_a_1_71?crid=2M096C61O4MLT&keywords=bags&qid=1692734001&sprefix=ba%2Caps%2C283&sr=8-71,Bagneeds Men's Black Synthetic Leather Briefcase Best Laptop Messenger Bag Satchel for Men,699,4.1,0
https://www.amazon.in/Tabelito%C2%AE-Delta-Waterproof-Backpack-Compatible/dp/B0BLK2RL23/ref=mp_s_a_1_72?crid=2M096C61O4MLT&keywords=bags&qid=1692734001&sprefix=ba%2Caps%2C283&sr=8-72,"Tabelito® DELTA Casual Waterproof Laptop Backpack/Office Bag/School Bag/College Bag/Business Bag/Unisex Travel Backpack (Compatible with 15.6 inch Laptop) 30 L, (6 Month Warranty)",599,4.2,0
https://www.amazon.in/Safari-Sheild-Resistant-Casual-Backpack/dp/B09B26T7KQ/ref=mp_s_a_1_73?crid=2M096C61O4MLT&keywords=bags&qid=1692734001&sprefix=ba%2Caps%2C283&sr=8-73,Safari Sheild 26 Ltrs Water Resistant Casual Backpack - (SHEILD19CBBLK),709,3.9,0
https://www.amazon.in/HYDER-Unisex-Multi-functional-Laptop-Backpack/dp/B0CCKXQNXJ/ref=mp_s_a_1_74?crid=2M096C61O4MLT&keywords=bags&qid=1692734001&sprefix=ba%2Caps%2C283&sr=8-74,"HYDER Peak Black 35L Unisex Multi-functional Laptop Bag/Backpack for Men and Women - Perfect Bags for College, School, and Business Travel with Padded Sleeve For Laptops Protection",780,N/A,0
https://www.amazon.in/Skybags-Unisex-Polyester-Pattern-Hustle/dp/B07F342RQD/ref=mp_s_a_1_75?crid=2M096C61O4MLT&keywords=bags&qid=1692734001&sprefix=ba%2Caps%2C283&sr=8-75,"Skybags Unisex Polyester Solid Pattern Hustle Df 55 (Orange, Small)","1,580",4.4,0
https://www.amazon.in/Skybags-Unisex-Adjustable-Polyester-Backpack/dp/B0BJ763F7Y/ref=mp_s_a_1_76?crid=2M096C61O4MLT&keywords=bags&qid=1692734001&sprefix=ba%2Caps%2C283&sr=8-76,Skybags Kick Unisex Adjustable Strap Polyester Laptop Backpack,"1,379",4.0,0
https://www.amazon.in/Wesley-Spartan-Hiking-Raincover-Organiser/dp/B098QFF5TJ/ref=mp_s_a_1_77?crid=2M096C61O4MLT&keywords=bags&qid=1692734001&sprefix=ba%2Caps%2C283&sr=8-77,Wesley Spartan Unisex Travel Hiking Laptop Bag fits Upto 17.3 inch with Raincover and Internal Organiser Backpack Rucksack College Bag,749,4.1,0
https://www.amazon.in/Gear-Black-Laptop-Backpack-LBPASPIRE0104/dp/B075MK4TXP/ref=mp_s_a_1_78?crid=2M096C61O4MLT&keywords=bags&qid=1692734001&sprefix=ba%2Caps%2C283&sr=8-78,Gear Aspire 30L Water Restant Office Laptop Bag/Backpack for Men/Women/(Black),"1,115",4.3,0
https://www.amazon.in/Genie-compartments-Lightweight-Travelling-Purpose-36/dp/B097JHSJTL/ref=mp_s_a_1_79?crid=2M096C61O4MLT&keywords=bags&qid=1692734001&sprefix=ba%2Caps%2C283&sr=8-79,"Genie Lily Laptop Backpack for Women, 3 compartments, Stylish and Trendy College Bags for Girls, Water Resistant and Lightweight Bags for Office and Travelling Purpose.36 litres (19 inch) Black colour","1,004",4.3,0
https://www.amazon.in/BP1501-15-6-inch-Gaming-Laptop-Backpack/dp/B081RLHHCY/ref=mp_s_a_1_80?crid=2M096C61O4MLT&keywords=bags&qid=1692734001&sprefix=ba%2Caps%2C283&sr=8-80,Asus ROG BP1501 39.62 cm (15.6-inch) Gaming Laptop Backpack (Black),"1,299",4.3,0
https://www.amazon.in/FATMUG-Foldable-Luggage-Packing-Storage/dp/B07YFNXC3H/ref=mp_s_a_1_81?crid=2M096C61O4MLT&keywords=bags&qid=1692734001&sprefix=ba%2Caps%2C283&sr=8-81,"FATMUG Polyester Foldable Duffle Travel Bag Luggage For Travel, Packing And Storage - Men And Women - (60 L, Black)","1,099",4.2,0
https://www.amazon.in/Half-Moon-Trekking-Bags-Compartment/dp/B08PSX1LN9/ref=mp_s_a_1_82?crid=2M096C61O4MLT&keywords=bags&qid=1692734001&sprefix=ba%2Caps%2C283&sr=8-82,Half Moon 45L Hammer Waterproof Laptop Travelling Rucksack Trekking Backpack for Travel Journey bags for Men Women Boys & Girls with 17.3inch Laptop Compartment & Rain cover,"1,349",4.1,0
https://www.amazon.in/Shalimar-Capacity-Travel-Storage-Duffel/dp/B09TPHFMX7/ref=mp_s_a_1_83?crid=2M096C61O4MLT&keywords=bags&qid=1692734001&sprefix=ba%2Caps%2C283&sr=8-83,"SHALIMAR large capacity Travel bag / Storage bag / Move-in bags/ Duffel Bag - Strong, Durable , Foldable and Water Resistant ( Pack of 1 ) ( Blue )",305,4.1,0
https://www.amazon.in/ADISA-laptop-backpack-office-college/dp/B0BXQD8DZX/ref=mp_s_a_1_84?crid=2M096C61O4MLT&keywords=bags&qid=1692734001&sprefix=ba%2Caps%2C283&sr=8-84,ADISA Large laptop backpack office bag college travel back pack with USB,499,3.8,0
https://www.amazon.in/Safari-Backpack-Resistant-Polyester-Travelling/dp/B09B26VHXV/ref=mp_s_a_1_85?crid=2M096C61O4MLT&keywords=bags&qid=1692734025&sprefix=ba%2Caps%2C283&sr=8-85,"Safari Flash Casual Backpack, 26 ltr Water Resistant Travel Bags| Weight Polyester Bagpack for Men and Women, Spacious Shoulder Bag for College, Office, Travelling and Camping",809,3.8,0
https://www.amazon.in/Lenovo-Carrying-15-6-Inch-Toploader-GX40Q17229/dp/B075Y6Y9H5/ref=mp_s_a_1_86?crid=2M096C61O4MLT&keywords=bags&qid=1692734025&sprefix=ba%2Caps%2C283&sr=8-86,Lenovo 15.6-inch Casual Laptop Briefcase T210,799,4.2,0
https://www.amazon.in/Gear-Classic-Leather-Backpack-LBPCLSLTH0519/dp/B07G4JQX2F/ref=mp_s_a_1_87?crid=2M096C61O4MLT&keywords=bags&qid=1692734025&sprefix=ba%2Caps%2C283&sr=8-87,Gear Classic 20L Faux Leather Water Resistant Anti Theft Laptop Bag/Backpack for Men/Women (Navy-Tan),979,4.4,0
https://www.amazon.in/Kleider-Travel-Business-Messenger-Shoulder/dp/B084ZHP97M/ref=mp_s_a_1_88?crid=2M096C61O4MLT&keywords=bags&qid=1692734025&sprefix=ba%2Caps%2C283&sr=8-88,DEIN KLEIDER Men's Nylon Messenger Bag,349,4.0,0
https://www.amazon.in/DZert-School-Polyester-Backpack-White/dp/B07GXYHFCY/ref=mp_s_a_1_89?crid=2M096C61O4MLT&keywords=bags&qid=1692734025&sprefix=ba%2Caps%2C283&sr=8-89,DZert Clasy Laptop Bag College Bag for Boys Girls 21 L Blue White,339,3.8,0
https://www.amazon.in/Boldfit-Travel-Accessories-Purse-Mobile/dp/B0BJZQ3ZR9/ref=mp_s_a_1_90?crid=2M096C61O4MLT&keywords=bags&qid=1692734025&sprefix=ba%2Caps%2C283&sr=8-90,Boldfit Waist Bag for Men Fanny Pack for Women Fanny Pack for Men Waist Bag for Women Chest Bag for Women Waist Pouch for Men Waist Bag for Boys Waist Bags for Girls Fanny Bag - Black,299,4.2,0
https://www.amazon.in/ADISA-BP004-Weight-Casual-Backpack/dp/B07G3CG9FC/ref=mp_s_a_1_91?crid=2M096C61O4MLT&keywords=bags&qid=1692734025&sprefix=ba%2Caps%2C283&sr=8-91,ADISA Laptop Backpack 31 Ltrs,399,4.0,0
https://www.amazon.in/Dyazo-Resistant-Crossbody-Compatible-Mirrorless/dp/B0C94C8CCQ/ref=mp_s_a_1_92?crid=2M096C61O4MLT&keywords=bags&qid=1692734025&sprefix=ba%2Caps%2C283&sr=8-92,Dyazo Light Weight Water Resistant Single Shoulder Crossbody Camera Bag/Case Compatible for Sony Canon Nikon SLR DSLR Mirrorless Cameras and Lenses (Black & Grey),599,4.3,0
https://www.amazon.in/WILDHORN-Backpack-Compartment-Business-Stitching/dp/B09QL81ZHB/ref=mp_s_a_1_93?crid=2M096C61O4MLT&keywords=bags&qid=1692734025&sprefix=ba%2Caps%2C283&sr=8-93,"WILDHORN 31L Laptop Backpack for Men/Women I Fits upto 15.6"" Laptop I Waterproof I Travel/Business/College Bookbags",599,4.1,0
https://www.amazon.in/Gear-Vintage2-Leather-Backpack-LBPVG2LTH1901/dp/B07G4F3758/ref=mp_s_a_1_94?crid=2M096C61O4MLT&keywords=bags&qid=1692734025&sprefix=ba%2Caps%2C283&sr=8-94,Gear Vintage2 Anti Theft Faux Leather 18 cms Tan Laptop Backpack,979,4.3,0
https://www.amazon.in/Fur-Jaden-Camping-Rucksack-Backpack/dp/B07PMWMN19/ref=mp_s_a_1_95?crid=2M096C61O4MLT&keywords=bags&qid=1692734025&sprefix=ba%2Caps%2C283&sr=8-95,Fur Jaden Hiking Camping Rucksack Casual 10 Ltrs Blue Casual Backpack,249,3.6,0
https://www.amazon.in/Resistant-Photography-Accessories-Compatible-Panasonic/dp/B0BRJLWQ6R/ref=mp_s_a_1_96?crid=2M096C61O4MLT&keywords=bags&qid=1692734025&sprefix=ba%2Caps%2C283&sr=8-96,"Dyazo Water Resistant Camera Bag/Case Shoulder Strap Space for Photography Lens and Accessories Compatible for Nikon, Canon, Sony, Panasonic, Samsung & Other SLR/DSLR etc (Black & Silver)",799,4.3,0
https://www.amazon.in/Tabelito-NEXA-Backpack-Business-Compartment/dp/B0C2D3YR7T/ref=mp_s_a_1_97?crid=2M096C61O4MLT&keywords=bags&qid=1692734025&sprefix=ba%2Caps%2C283&sr=8-97,"Tabelito® NEXA 3O L Water Resistant Laptop/College/Office/School/Travel/Business Bag, Unisex Backpack for Men Women Fits Up to 15.6 Inch Laptop Notebook. (GREY)",399,4.2,0
https://www.amazon.in/ADISA-BP010-Weight-Casual-Backpack/dp/B07MXL986B/ref=mp_s_a_1_98?crid=2M096C61O4MLT&keywords=bags&qid=1692734025&sprefix=ba%2Caps%2C283&sr=8-98,ADISA 32 Ltrs Water Resistant Casual Travel Bagpack/College Backpack/School Office Bag for Men and Women,499,3.9,0
https://www.amazon.in/Half-Moon-Resistant-Backpack-Compartment/dp/B0BHX7GY16/ref=mp_s_a_1_99?crid=2M096C61O4MLT&keywords=bags&qid=1692734056&sprefix=ba%2Caps%2C283&sr=8-99,Half Moon Large 37L Laptop Bag Backpack for menं Women Boys and Girls Luggage Travel Bags with 17.3 inches Laptop Compartment & Rain Cover,849,3.9,0
https://www.amazon.in/FATMUG-Laptop-Bag-Men-Convertible/dp/B084LF4RT5/ref=mp_s_a_1_100?crid=2M096C61O4MLT&keywords=bags&qid=1692734056&sprefix=ba%2Caps%2C283&sr=8-100,"FATMUG Laptop Bag For Men - Convertible Backpack For Office And Travel (Dark Grey,Oxford Fabric)","1,699",4.4,0
https://www.amazon.in/Glowic-Unisexs-Backpack-College-Students/dp/B0BGX9W69N/ref=mp_s_a_1_101?crid=2M096C61O4MLT&keywords=bags&qid=1692734056&sprefix=ba%2Caps%2C283&sr=8-101,Glowic Unisex's Backpack for Men Women Boys Girls/Office School College Teens & Students (WBAG-64) (Black),"1,039",3.6,0
https://www.amazon.in/FATMUG-Foldable-Luggage-Packing-Storage/dp/B07YFNXC3H/ref=mp_s_a_1_102?crid=2M096C61O4MLT&keywords=bags&qid=1692734056&sprefix=ba%2Caps%2C283&sr=8-102,"FATMUG Polyester Foldable Duffle Travel Bag Luggage For Travel, Packing And Storage - Men And Women - (60 L, Black)","1,099",4.2,0
https://www.amazon.in/Nivia-Pulse-Junior-Bag-Aqua-Green/dp/B08D7QNYZX/ref=mp_s_a_1_103?crid=2M096C61O4MLT&keywords=bags&qid=1692734056&sprefix=ba%2Caps%2C283&sr=8-103,"Nivia 5227 Pulse Junior Bag, Others (Orange) (Aqua/Green)",294,3.7,0
https://www.amazon.in/ZOUK-Handmade-Leather-Handles-Multicolor/dp/B09QRYDXJH/ref=mp_s_a_1_104?crid=2M096C61O4MLT&keywords=bags&qid=1692734056&sprefix=ba%2Caps%2C283&sr=8-104,ZOUK Women Laptop Bag Royal Indian Peacock Motif,"1,698",4.4,0
https://www.amazon.in/Amazon-Basics-Laptop-Backpack-Repellent/dp/B09W43XLBY/ref=mp_s_a_1_105?crid=2M096C61O4MLT&keywords=bags&qid=1692734056&sprefix=ba%2Caps%2C283&sr=8-105,"Amazon Basics Water Repellent and Wear Resistant Laptop Backpack - 24L, Blue",649,4.2,0
https://www.amazon.in/Isle-Locada-Hidesign-Womens-Purple/dp/B07T97R1H1/ref=mp_s_a_1_106?crid=2M096C61O4MLT&keywords=bags&qid=1692734056&sprefix=ba%2Caps%2C283&sr=8-106,Isle Locada by Hidesign Women's SLING BAG(AUBERGINE/AUBERG),"1,929",4.5,0
https://www.amazon.in/Safari-Sheild-Resistant-Casual-Backpack/dp/B09B28M2RN/ref=mp_s_a_1_107?crid=2M096C61O4MLT&keywords=bags&qid=1692734056&sprefix=ba%2Caps%2C283&sr=8-107,Safari Sheild 26 Ltrs Water Resistant Casual Backpack - (SHEILD19CBBLK),709,4.0,0
https://www.amazon.in/Skybags-Unisex-Grey-Jacqard-Laptop/dp/B09ZV9SLBJ/ref=mp_s_a_1_108?crid=2M096C61O4MLT&keywords=bags&qid=1692734056&sprefix=ba%2Caps%2C283&sr=8-108,Skybags Unisex Grey Jacqard 34L Laptop Bags,"1,248",4.1,0
https://www.amazon.in/Wesley-Milestone-Waterproof-Backpack-Business/dp/B07NJRPJ6Q/ref=mp_s_a_1_109?crid=2M096C61O4MLT&keywords=bags&qid=1692734056&sprefix=ba%2Caps%2C283&sr=8-109,Wesley Milestone 15.6 inch 25 L Casual Waterproof Laptop Backpack/Office Bag/School Bag/College Bag/Business Bag/Unisex Travel Backpack (Black),448,4.3,0
https://www.amazon.in/Safari-Polyester-Cms-Travel-KRYPTON17DFBLK_Black/dp/B097L3XJ38/ref=mp_s_a_1_110?crid=2M096C61O4MLT&keywords=bags&qid=1692734056&sprefix=ba%2Caps%2C283&sr=8-110,Safari Polyester 24 Cms Travel Bag(KRYPTON17DFBLK_Black),575,4.0,0
https://www.amazon.in/Lavie-Womens-Ushawu-Satchel-Handbag/dp/B0B3J9J9CK/ref=mp_s_a_1_111?crid=2M096C61O4MLT&keywords=bags&qid=1692734056&sprefix=ba%2Caps%2C283&sr=8-111,Lavie Women's Ushawu Satchel Bag | Ladies Purse Handbag,"1,099",4.1,0
https://www.amazon.in/HP-Lightweight-200-Green-Backpack/dp/B08CY1XYFL/ref=mp_s_a_1_112?crid=2M096C61O4MLT&keywords=bags&qid=1692734056&sprefix=ba%2Caps%2C283&sr=8-112,"HP Lightweight 200 15.6-inch Laptop Backpack with Padded Shoulder Straps, Green","1,499",4.3,0
https://www.amazon.in/NORTH-ZONE-Northzone-Business-Messenger/dp/B0C555LQF4/ref=mp_s_a_1_113?crid=2M096C61O4MLT&keywords=bags&qid=1692734097&sprefix=ba%2Caps%2C283&sr=8-113,NORTH ZONE Northzone Sling Cross Body Travel Office Business Messenger One Side Shoulder Pouch Bag Money Bag for Men and Women,249,3.8,0
https://www.amazon.in/House-Quirk-Flamingo-Portable-Different/dp/B09WJ1N2F2/ref=mp_s_a_1_114?crid=2M096C61O4MLT&keywords=bags&qid=1692734097&sprefix=ba%2Caps%2C283&sr=8-114,"House of Quirk Flamingo Makeup Bag Set for Women Portable 3 Different Sizes Toiletry Bag for Travel Daily Use for Women Girl (Flamingo Dark Blue, Set of 3)",389,4.1,0
https://www.amazon.in/American-Tourister-Casual-Travel-Duffle/dp/B00FRCNRPQ/ref=mp_s_a_1_115?crid=2M096C61O4MLT&keywords=bags&qid=1692734097&sprefix=ba%2Caps%2C283&sr=8-115,American Tourister X - Bag Nylon 55 Cms Travel Duffle Bag (Black),"1,899",4.3,0
https://www.amazon.in/Skybags-FUSE-BACKPACK-DEEP-WATER/dp/B0B3XYWY79/ref=mp_s_a_1_116?crid=2M096C61O4MLT&keywords=bags&qid=1692734097&sprefix=ba%2Caps%2C283&sr=8-116,Skybags FUSE BACKPACK MAGNET,809,3.8,0
https://www.amazon.in/DAHSHA-Sling-Messenger-Bag-Grey/dp/B09CGDFNBV/ref=mp_s_a_1_117?crid=2M096C61O4MLT&keywords=bags&qid=1692734097&sprefix=ba%2Caps%2C283&sr=8-117,"DAHSHA Nylon Stylish Small 6 Multi-Pocket Zip Closure Sling Cross Body Travel Messenger One Side Shoulder Bag for Men & Women (Grey, 25 x 10 x 20 CM)",545,4.0,0
https://www.amazon.in/ASUS-Backpack-Cross-Dyed-Material-Suitable/dp/B09Q68446F/ref=mp_s_a_1_118?crid=2M096C61O4MLT&keywords=bags&qid=1692734097&sprefix=ba%2Caps%2C283&sr=8-118,"ASUS BP4600 Laptop Backpack (Grey), with Cross-dyed Woven Fabric Material, Suitable for up to 40.64 cm (16-inch) Laptop","1,199",4.4,0
https://www.amazon.in/Half-Moon-Resistant-Backpack-Compartment/dp/B0BHX7GY16/ref=mp_s_a_1_119?crid=2M096C61O4MLT&keywords=bags&qid=1692734097&sprefix=ba%2Caps%2C283&sr=8-119,Half Moon Large 37L Laptop Bag Backpack for menं Women Boys and Girls Luggage Travel Bags with 17.3 inches Laptop Compartment & Rain Cover,849,3.9,0
https://www.amazon.in/Mammon-Womens-Handbag-plain-tan-35x35/dp/B07LBC7Z59/ref=mp_s_a_1_120?crid=2M096C61O4MLT&keywords=bags&qid=1692734097&sprefix=ba%2Caps%2C283&sr=8-120,Mammon Women's Tote Bag,264,3.6,0
https://www.amazon.in/Gear-Green-Casual-Backpack-BKPECOBP40503/dp/B019HA8DQQ/ref=mp_s_a_1_121?crid=2M096C61O4MLT&keywords=bags&qid=1692734097&sprefix=ba%2Caps%2C283&sr=8-121,Gear Eco4 18L Water Resistant School Bag//Backpack/College Bag for Men/Women - Navy Blue,439,4.0,0
https://www.amazon.in/HP-15-6-inch-Backpack-Pass-Through-793A7AA/dp/B0BYDWD4VL/ref=mp_s_a_1_122?crid=2M096C61O4MLT&keywords=bags&qid=1692734097&sprefix=ba%2Caps%2C283&sr=8-122,HP 330 15.6-inch Laptop Backpack/Trolley Pass-Through; Padded Back Panel; Padded air mesh Panel/Hand wash and air Dry/1 Year Limited Warranty (793A7AA),"1,141",4.6,0
https://www.amazon.in/Chic-Buddy-Waterproof-Swimsuits-Toiletries/dp/B09KSBHC18/ref=mp_s_a_1_123?crid=2M096C61O4MLT&keywords=bags&qid=1692734097&sprefix=ba%2Caps%2C283&sr=8-123,"Chic Buddy Waterproof Wet Bag, Washable, Reusable for Travel, Beach, Pool, Stroller, Diapers, Dirty Gym Clothes, Wet Swimsuits, Toiletries",309,4.4,0
https://www.amazon.in/Tabelito-NEXA-Backpack-Business-Compartment/dp/B0C2D4KWQ6/ref=mp_s_a_1_124?crid=2M096C61O4MLT&keywords=bags&qid=1692734097&sprefix=ba%2Caps%2C283&sr=8-124,"Tabelito® NEXA 3O L Water Resistant Laptop/College/Office/School/Travel/Business Bag, Unisex Backpack for Men Women Fits Up to 15.6 Inch Laptop Notebook. (GREY)",399,4.2,0
https://www.amazon.in/Frantic-Travelling-Backpacks-Preschool-FullBody_SkyElehpant/dp/B0BD5JQX7T/ref=mp_s_a_1_125?crid=2M096C61O4MLT&keywords=bags&qid=1692734097&sprefix=ba%2Caps%2C283&sr=8-125,"Frantic Kids Soft Cartoon Animal Travelling School Bag Soft Plush Backpacks Boys Girls Baby for 2 to 5 Years Baby/Boys/Girls Nursery, Preschool, Picnic(FullBody_SkyElehpant)",309,3.5,0
https://www.amazon.in/Safari-Laptop-Backpack-Compartments-Resistant/dp/B09B27GN41/ref=mp_s_a_1_126?crid=2M096C61O4MLT&keywords=bags&qid=1692734097&sprefix=ba%2Caps%2C283&sr=8-126,"Safari Snap 35 Ltrs Large Laptop Backpack With 3 Compartments, Water Resistant Fabric - Blue (SNAP19CBBLU)","1,109",3.8,0
https://www.amazon.in/HYDER-Superhero-Lightweight-Spacious-Waterproof/dp/B0BJ6CTJ3Q/ref=mp_s_a_1_127?crid=2M096C61O4MLT&keywords=bags&qid=1692734127&sprefix=ba%2Caps%2C283&sr=8-127,HYDER Kids 20L Cartoon Printed Best Stylish Lightweight Spacious Waterproof Casual/Picnic/Tuition/School Bag/Backpack for Children Boys And Girls,499,3.9,0
https://www.amazon.in/DIVULGE-Drawstring-Bag-Sports-Utility/dp/B07PXTDBH4/ref=mp_s_a_1_128?crid=2M096C61O4MLT&keywords=bags&qid=1692734127&sprefix=ba%2Caps%2C283&sr=8-128,"DIVULGE Multi Utility Drawstring Bag (Black , 16 L)",145,4.0,0
https://www.amazon.in/Lavie-Womens-Ushawu-Satchel-Handbag/dp/B0B3J9J9CK/ref=mp_s_a_1_129?crid=2M096C61O4MLT&keywords=bags&qid=1692734127&sprefix=ba%2Caps%2C283&sr=8-129,Lavie Women's Ushawu Satchel Bag | Ladies Purse Handbag,"1,099",4.1,0
https://www.amazon.in/BP1501-15-6-inch-Gaming-Laptop-Backpack/dp/B081RLHHCY/ref=mp_s_a_1_130?crid=2M096C61O4MLT&keywords=bags&qid=1692734127&sprefix=ba%2Caps%2C283&sr=8-130,Asus ROG BP1501 39.62 cm (15.6-inch) Gaming Laptop Backpack (Black),"1,299",4.3,0
https://www.amazon.in/TRUE-HUMAN-Anti-Theft-charging-combination/dp/B09H7PK5ML/ref=mp_s_a_1_131?crid=2M096C61O4MLT&keywords=bags&qid=1692734127&sprefix=ba%2Caps%2C283&sr=8-131,TRUE HUMAN Anti-Theft and USB charging port backpack with security lock Laptop bag|office bag| for men and women (Grey),649,3.8,0
https://www.amazon.in/Kuber-Industries-Avengers-Backpacks-Waterproof/dp/B0BP7JFYDV/ref=mp_s_a_1_132?crid=2M096C61O4MLT&keywords=bags&qid=1692734127&sprefix=ba%2Caps%2C283&sr=8-132,Kuber Industries Marvel Avengers School Bag for Kids|Stylish Backpacks for Kids|Rexine Waterproof Shoulder Straps Bag (Blue),664,3.9,0
https://www.amazon.in/Wesley-Liter-Casual-Daypack-Backpack/dp/B0BVVY98PZ/ref=mp_s_a_1_133?crid=2M096C61O4MLT&keywords=bags&qid=1692734127&sprefix=ba%2Caps%2C283&sr=8-133,Wesley 15 Liter Casual Daypack Backpack,169,3.7,0
https://www.amazon.in/STRABO-Cooper-Laptop-Bag-Capacity/dp/B0BX9V66C9/ref=mp_s_a_1_134?crid=2M096C61O4MLT&keywords=bags&qid=1692734127&sprefix=ba%2Caps%2C283&sr=8-134,"STRABO Cooper for Boys Girls Stylish Men and Women Casual 15"" inch 25L CANVAS Laptop BACKPACK | Office, College, Travel Bag",699,4.3,0
https://www.amazon.in/Uppercase-Professional-Backpack-Resistant-Sustainable/dp/B0BWNBQXDZ/ref=mp_s_a_1_135?crid=2M096C61O4MLT&keywords=bags&qid=1692734127&sprefix=ba%2Caps%2C283&sr=8-135,"uppercase Apex Professional Laptop Backpack (15.6 Inch) 3x more water resistant sustainable bags with rain proof zippers for Men, Women, Boys and Girls, 750 Days warranty","1,800",4.4,0
https://www.amazon.in/Frantic-Velvet-School-Nursery-Travelling/dp/B09176PYDR/ref=mp_s_a_1_136?crid=2M096C61O4MLT&keywords=bags&qid=1692734127&sprefix=ba%2Caps%2C283&sr=8-136,Frantic Velvet Kids School/Nursery/Picnic/Carry/Travelling Bag - 2 to 5 Year Age,299,3.8,0
https://www.amazon.in/Gear-Executive-Anti-Theft-Backpack-BKPPKREXE0101/dp/B097KCMQKG/ref=mp_s_a_1_137?crid=2M096C61O4MLT&keywords=bags&qid=1692734127&sprefix=ba%2Caps%2C283&sr=8-137,Gear Parker 23L Water Resistant Anti Theft Laptop Bag/Backpack for Men/Women - Black,744,4.3,0
https://www.amazon.in/Skybags-Unisex-Adjustable-Polyester-Backpack/dp/B0BJ763F7Y/ref=mp_s_a_1_138?crid=2M096C61O4MLT&keywords=bags&qid=1692734127&sprefix=ba%2Caps%2C283&sr=8-138,Skybags Kick Unisex Adjustable Strap Polyester Laptop Backpack,"1,379",4.0,0
https://www.amazon.in/F-Gear-Spartan-Black-Laptop-Backpack/dp/B07X82WYGL/ref=mp_s_a_1_139?crid=2M096C61O4MLT&keywords=bags&qid=1692734127&sprefix=ba%2Caps%2C283&sr=8-139,F Gear Spartan 24 Ltrs Black Laptop Backpack (3179),623,4.0,0
https://www.amazon.in/Safari-Black-Casual-Backpack-PRISMA19CBBLK/dp/B07HN5TMQL/ref=mp_s_a_1_140?crid=2M096C61O4MLT&keywords=bags&qid=1692734127&sprefix=ba%2Caps%2C283&sr=8-140,Safari Large Size 32 Ltrs Casual Backpack-Black,"1,009",4.0,0
https://www.amazon.in/Hammonds-Flycatcher-Genuine-Leather-Messenger/dp/B07MDTVDQH/ref=mp_s_a_1_127?crid=2M096C61O4MLT&keywords=bags&qid=1692734133&sprefix=ba%2Caps%2C283&sr=8-127,"HAMMONDS FLYCATCHER Genuine Leather Laptop Bag for Men/Office Bag for Men, Brown |Fits Upto 14 Inch Laptop Bag/MacBook |Leather Bag for Men with Shoulder Straps |Crossbody Laptop Messenger Bag for Men","2,417",4.4,0
https://www.amazon.in/Number-Backpack-Compartment-Charging-Organizer/dp/B09VTCNN75/ref=mp_s_a_1_128?crid=2M096C61O4MLT&keywords=bags&qid=1692734133&sprefix=ba%2Caps%2C283&sr=8-128,"FUR JADEN Anti Theft Number Lock Backpack Bag with 15.6 Inch Laptop Compartment, USB Charging Port & Organizer Pocket for Men Women Boys Girls",679,4.0,0
https://www.amazon.in/WildHorn-Leather-Laptop-Messenger-Dimension/dp/B079HQKSZN/ref=mp_s_a_1_129?crid=2M096C61O4MLT&keywords=bags&qid=1692734133&sprefix=ba%2Caps%2C283&sr=8-129,WildHorn Leather Laptop Bag for Men I Fits Upto 15.6 Inch Laptop/MacBook I Padded Laptop Compartment I Carry Handles with Adjustable Strap I DIMENSION : L-16 inch W-4 inch H-12 inch,"2,629",4.2,0
https://www.amazon.in/ADISA-Laptop-Backpack-College-z-Black/dp/B09TPY1G1W/ref=mp_s_a_1_130?crid=2M096C61O4MLT&keywords=bags&qid=1692734133&sprefix=ba%2Caps%2C283&sr=8-130,ADISA 15.6 inch laptop backpack office bag college travel back pack 32 Ltrs,499,3.9,0
https://www.amazon.in/Lavie-Womens-Ushawu-Satchel-Handbag/dp/B0B3J9J9CK/ref=mp_s_a_1_131?crid=2M096C61O4MLT&keywords=bags&qid=1692734133&sprefix=ba%2Caps%2C283&sr=8-131,Lavie Women's Ushawu Satchel Bag | Ladies Purse Handbag,"1,099",4.1,0
https://www.amazon.in/Boldfit-Travel-Accessories-Purse-Mobile/dp/B0BJZQ3ZR9/ref=mp_s_a_1_132?crid=2M096C61O4MLT&keywords=bags&qid=1692734133&sprefix=ba%2Caps%2C283&sr=8-132,Boldfit Waist Bag for Men Fanny Pack for Women Fanny Pack for Men Waist Bag for Women Chest Bag for Women Waist Pouch for Men Waist Bag for Boys Waist Bags for Girls Fanny Bag - Black,299,4.2,0
https://www.amazon.in/Glowic-Unisexs-Backpack-College-Students/dp/B0BGX9W69N/ref=mp_s_a_1_133?crid=2M096C61O4MLT&keywords=bags&qid=1692734133&sprefix=ba%2Caps%2C283&sr=8-133,Glowic Unisex's Backpack for Men Women Boys Girls/Office School College Teens & Students (WBAG-64) (Black),"1,039",3.6,0
https://www.amazon.in/HP-15-6-inch-Backpacks-Pass-Through-793A6AA/dp/B0BYDXVM5Q/ref=mp_s_a_1_134?crid=2M096C61O4MLT&keywords=bags&qid=1692734133&sprefix=ba%2Caps%2C283&sr=8-134,HP 320 15.6-inch Backpacks/Trolley Pass-Through; Padded Back Panel; Padded air mesh Panel/Hand wash and air Dry/Padded Laptop Pocket/1 Year Limited Warranty (793A6AA),"1,049",3.9,0
https://www.amazon.in/ZOUK-Printed-Handmade-Leather-handles/dp/B07NHYLTY7/ref=mp_s_a_1_135?crid=2M096C61O4MLT&keywords=bags&qid=1692734133&sprefix=ba%2Caps%2C283&sr=8-135,ZOUK Black Floral Printed Handmade Vegan Leather Women's Office Bag for 15.6 inch Laptop with double handles - FloMotif,"1,599",4.3,0
https://www.amazon.in/Amazon-Basics-Laptop-Backpack-Repellent/dp/B09W43XLBY/ref=mp_s_a_1_136?crid=2M096C61O4MLT&keywords=bags&qid=1692734133&sprefix=ba%2Caps%2C283&sr=8-136,"Amazon Basics Water Repellent and Wear Resistant Laptop Backpack - 24L, Blue",649,4.2,0
https://www.amazon.in/Wildcraft-Music-Backpack-Green-11954/dp/B07N2SBX54/ref=mp_s_a_1_137_mod_primary_new?crid=2M096C61O4MLT&keywords=bags&qid=1692734133&sbo=RZvfv%2F%2FHxDF%2BO5021pAnSA%3D%3D&sprefix=ba%2Caps%2C283&sr=8-137,Wildcraft Unisex Zip Closure Backpack (Green_Free Size),"1,199",4.4,0
https://www.amazon.in/DZert-Kids-Grey-School-Years/dp/B07QD1M3R9/ref=mp_s_a_1_138?crid=2M096C61O4MLT&keywords=bags&qid=1692734133&sprefix=ba%2Caps%2C283&sr=8-138,DZert Kids School Bag Soft Plush Backpacks Cartoon Boys Girls Baby (2-5 Years),200,3.7,0
https://www.amazon.in/Gear-Vintage2-Leather-Backpack-LBPVG2LTH0101/dp/B07G44G1DC/ref=mp_s_a_1_139?crid=2M096C61O4MLT&keywords=bags&qid=1692734133&sprefix=ba%2Caps%2C283&sr=8-139,Gear Vintage2 28L Medium Faux Leather Water Resistant Anti Theft Unisex Laptop Backpack for Men/Women- Black,979,4.4,0
https://www.amazon.in/Tabelito%C2%AE-Delta-Waterproof-Backpack-Compatible/dp/B0BLK1Z7DQ/ref=mp_s_a_1_140?crid=2M096C61O4MLT&keywords=bags&qid=1692734133&sprefix=ba%2Caps%2C283&sr=8-140,"Tabelito® DELTA Casual Waterproof Laptop Backpack/Office Bag/School Bag/College Bag/Business Bag/Unisex Travel Backpack (Compatible with 15.6 inch Laptop) 30 L, (6 Month Warranty)",599,4.4,0
https://www.amazon.in/Harissons-Office-Laptop-Backpacks-Women/dp/B09D3YYYNG/ref=mp_s_a_1_155?crid=2M096C61O4MLT&keywords=bags&qid=1692734158&sprefix=ba%2Caps%2C283&sr=8-155,HARISSONS Bags Volt 15.6 inch Office Laptop Backpacks for Men and Women 24 Ltrs with 2 Front Zippered Pockets & Spacious Large Compartments | External USB Gate for easy Charging,"1,504",4.1,0
https://www.amazon.in/ADISA-Laptop-Backpack-Office-College/dp/B0BPVLXD53/ref=mp_s_a_1_156?crid=2M096C61O4MLT&keywords=bags&qid=1692734158&sprefix=ba%2Caps%2C283&sr=8-156,ADISA 32L large laptop backpack office bag college travel back pack with rain cover,599,3.9,0
https://www.amazon.in/ASTRID-Blue-Diamond-Textured-Cotton/dp/B08W5DQ33D/ref=mp_s_a_1_157?crid=2M096C61O4MLT&keywords=bags&qid=1692734158&sprefix=ba%2Caps%2C283&sr=8-157,ASTRID Blue Diamond Textured Cotton Tote Bag,589,4.4,0
https://www.amazon.in/Skybags-Unisex-Grey-Jacqard-Laptop/dp/B09ZV9SLBJ/ref=mp_s_a_1_158?crid=2M096C61O4MLT&keywords=bags&qid=1692734158&sprefix=ba%2Caps%2C283&sr=8-158,Skybags Unisex Grey Jacqard 34L Laptop Bags,"1,248",4.1,0
https://www.amazon.in/ADISA-Laptop-Backpack-Office-College/dp/B0BPVCBFM7/ref=mp_s_a_1_159?crid=2M096C61O4MLT&keywords=bags&qid=1692734158&sprefix=ba%2Caps%2C283&sr=8-159,ADISA 32L large laptop backpack office bag college travel back pack with rain cover,599,3.9,0
https://www.amazon.in/Gear-Green-Casual-Backpack-BKPECOBP40503/dp/B019HA8DQQ/ref=mp_s_a_1_160?crid=2M096C61O4MLT&keywords=bags&qid=1692734158&sprefix=ba%2Caps%2C283&sr=8-160,Gear Eco4 18L Water Resistant School Bag//Backpack/College Bag for Men/Women - Navy Blue,439,4.0,0
https://www.amazon.in/House-Quirk-Flamingo-Portable-Different/dp/B09WJ1N2F2/ref=mp_s_a_1_161?crid=2M096C61O4MLT&keywords=bags&qid=1692734158&sprefix=ba%2Caps%2C283&sr=8-161,"House of Quirk Flamingo Makeup Bag Set for Women Portable 3 Different Sizes Toiletry Bag for Travel Daily Use for Women Girl (Flamingo Dark Blue, Set of 3)",389,4.1,0
https://www.amazon.in/American-Tourister-Casual-Travel-Duffle/dp/B00FRCNRPQ/ref=mp_s_a_1_162?crid=2M096C61O4MLT&keywords=bags&qid=1692734158&sprefix=ba%2Caps%2C283&sr=8-162,American Tourister X - Bag Nylon 55 Cms Travel Duffle Bag (Black),"1,899",4.3,0
https://www.amazon.in/Frantic-Travelling-Backpacks-Preschool-FullBody_SkyElehpant/dp/B0BD5JQX7T/ref=mp_s_a_1_163?crid=2M096C61O4MLT&keywords=bags&qid=1692734158&sprefix=ba%2Caps%2C283&sr=8-163,"Frantic Kids Soft Cartoon Animal Travelling School Bag Soft Plush Backpacks Boys Girls Baby for 2 to 5 Years Baby/Boys/Girls Nursery, Preschool, Picnic(FullBody_SkyElehpant)",309,3.5,0
https://www.amazon.in/Safari-Polyester-Cms-Travel-KRYPTON17DFBLK_Black/dp/B097L3XJ38/ref=mp_s_a_1_164?crid=2M096C61O4MLT&keywords=bags&qid=1692734158&sprefix=ba%2Caps%2C283&sr=8-164,Safari Polyester 24 Cms Travel Bag(KRYPTON17DFBLK_Black),575,4.0,0
https://www.amazon.in/ASUS-Backpack-Cross-Dyed-Material-Suitable/dp/B09Q68446F/ref=mp_s_a_1_165?crid=2M096C61O4MLT&keywords=bags&qid=1692734158&sprefix=ba%2Caps%2C283&sr=8-165,"ASUS BP4600 Laptop Backpack (Grey), with Cross-dyed Woven Fabric Material, Suitable for up to 40.64 cm (16-inch) Laptop","1,199",4.4,0
https://www.amazon.in/Half-Moon-Resistant-Backpack-Compartment/dp/B0BHX7GY16/ref=mp_s_a_1_166?crid=2M096C61O4MLT&keywords=bags&qid=1692734158&sprefix=ba%2Caps%2C283&sr=8-166,Half Moon Large 37L Laptop Bag Backpack for menं Women Boys and Girls Luggage Travel Bags with 17.3 inches Laptop Compartment & Rain Cover,849,3.9,0
https://www.amazon.in/Gear-Classic-Leather-Backpack-LBPCLSLTH0519/dp/B07G4JQX2F/ref=mp_s_a_1_167?crid=2M096C61O4MLT&keywords=bags&qid=1692734158&sprefix=ba%2Caps%2C283&sr=8-167,Gear Classic 20L Faux Leather Water Resistant Anti Theft Laptop Bag/Backpack for Men/Women (Navy-Tan),979,4.4,0
https://www.amazon.in/Skybags-Unisex-Gucci-Fabric-Backpacks/dp/B0B21XYWWH/ref=mp_s_a_1_168?crid=2M096C61O4MLT&keywords=bags&qid=1692734158&sprefix=ba%2Caps%2C283&sr=8-168,Skybags Unisex Red Gucci Fabric 10L Backpacks,460,3.8,0
https://www.amazon.in/Skybags-Unisex-Gucci-Fabric-Backpacks/dp/B0B21XYWWH/ref=mp_s_a_1_169?crid=2M096C61O4MLT&keywords=bags&qid=1692734230&sprefix=ba%2Caps%2C283&sr=8-169,Skybags Unisex Red Gucci Fabric 10L Backpacks,460,3.8,0
https://www.amazon.in/ASUS-VP5700-Backpack-Repellent-Suitable/dp/B093HGZMHV/ref=mp_s_a_1_170?crid=2M096C61O4MLT&keywords=bags&qid=1692734230&sprefix=ba%2Caps%2C283&sr=8-170,"ASUS TUF Gaming VP5700 46.14 cm Backpack (Black), with Water Repellent Fabric, Suitable for up to 43.18 cm Laptop","1,199",4.4,0
https://www.amazon.in/BEAUTY-GIRLS-Polyester-Waterproof-Backpack/dp/B08YRFQHQX/ref=mp_s_a_1_171?crid=2M096C61O4MLT&keywords=bags&qid=1692734230&sprefix=ba%2Caps%2C283&sr=8-171,"BEAUTY GIRLS 1531 Polyester Waterproof 30 L Floral Printed School, College Tuition Laptop Backpack Bag for Girls & Women",829,4.3,0
https://www.amazon.in/Gizga-Essentials-Organizer-Multi-Utility-Cosmetics/dp/B09WVRKYCJ/ref=mp_s_a_1_172?crid=2M096C61O4MLT&keywords=bags&qid=1692734230&sprefix=ba%2Caps%2C283&sr=8-172,"Gizga Essentials Travel Toiletry Kit Bag for Men & Women, Travel Organizer Case with Handle & Hook, Premium Zipper, Multiple Pockets, Multi-Utility Pouch for Shaving Makeup Cosmetics, Light Grey",349,4.2,0
https://www.amazon.in/Crossbody-Waterproof-Daypack-Charging-Locomotive/dp/B0BCQ762R6/ref=mp_s_a_1_173?crid=2M096C61O4MLT&keywords=bags&qid=1692734230&sprefix=ba%2Caps%2C283&sr=8-173,HOXSURY Sling Backpack USB Anti-Theft Waterproof Chest Daypack Casual Shoulder Bag,"1,199",4.4,0
https://www.amazon.in/HP-Backpack-Laptop-Chromebook-1D0M5PA/dp/B08FM6X8KZ/ref=mp_s_a_1_174?crid=2M096C61O4MLT&keywords=bags&qid=1692734230&sprefix=ba%2Caps%2C283&sr=8-174,HP 5 ltrs (2 cms)backpack(1D0M5PA_black),"1,499",4.2,0
https://www.amazon.in/Half-Moon-Resistant-Laptop-Backpack/dp/B09842K4RQ/ref=mp_s_a_1_175?crid=2M096C61O4MLT&keywords=bags&qid=1692734230&sprefix=ba%2Caps%2C283&sr=8-175,"Half Moon 35L Water Resistant 15.6 inch Laptop Bag for Men/Backpack for Men, Black | Office Bag for Men/Office Bag for Women with Padded Laptop Compartment | Rain Cover & Reflective Strips",699,3.9,0
https://www.amazon.in/Wildcraft-Black-Casual-Backpack-11947/dp/B07N2LC749/ref=mp_s_a_1_176?crid=2M096C61O4MLT&keywords=bags&qid=1692734230&sprefix=ba%2Caps%2C283&sr=8-176,Wildcraft 29.5 Ltrs Black Casual Backpack (11947 Black),"1,167",4.3,0
https://www.amazon.in/POLESTAR-backpack-Backpack-College-Students/dp/B08X2KRL8B/ref=mp_s_a_1_177?crid=2M096C61O4MLT&keywords=bags&qid=1692734230&sprefix=ba%2Caps%2C283&sr=8-177,"POLESTAR Leader 34 L Bag for College, School, Office, Casual Multipurpose Backpack with 15.6"" Laptop Compartment, Water Resistant, Unisex Design, Stylish & Durable, 1 Year Warranty",639,4.1,0
https://www.amazon.in/Martucci-Laptop-Backpack-College-Reflective/dp/B0B7DT6HY3/ref=mp_s_a_1_178?crid=2M096C61O4MLT&keywords=bags&qid=1692734230&sprefix=ba%2Caps%2C283&sr=8-178,Martucci Large 35 L Backpack Spacy Unisex/College/School/Travel Backpack with Rain Cover and Reflective Strip,746,4.0,0
https://www.amazon.in/FATMUG-Laptop-Bag-Men-Convertible/dp/B084LFS4G1/ref=mp_s_a_1_179?crid=2M096C61O4MLT&keywords=bags&qid=1692734230&sprefix=ba%2Caps%2C283&sr=8-179,FATMUG Laptop Bag For Men - Convertible Backpack For Office And Travel (Navy Blue Oxford Fabric),"1,699",4.4,0
https://www.amazon.in/Trunkit-Waterproof-Travelling-Trekking-Backpack/dp/B08GZB73RZ/ref=mp_s_a_1_180?crid=2M096C61O4MLT&keywords=bags&qid=1692734230&sprefix=ba%2Caps%2C283&sr=8-180,Trunkit Waterproof Travelling Trekking Hiking Camping Bag Backpack Series 55 litres Mt Calling Rucksack with Rain Cover,559,4.0,0
https://www.amazon.in/Gear-LOGI-Q-Resistant-Backpack-Teal-Yellow/dp/B0BTJ3QQJM/ref=mp_s_a_1_181?crid=2M096C61O4MLT&keywords=bags&qid=1692734230&sprefix=ba%2Caps%2C283&sr=8-181,Gear LOGI-Q 27L Water Resistant Laptop Bag/Backpack/Office Bag for Men/Women (Teal-Yellow),661.,3.0,0
https://www.amazon.in/ADISA-laptop-backpack-office-college/dp/B0BVRJYD9Q/ref=mp_s_a_1_182?crid=2M096C61O4MLT&keywords=bags&qid=1692734230&sprefix=ba%2Caps%2C283&sr=8-182,ADISA 32L large laptop backpack office bag college travel back pack with rain cover,599,3.7,0
https://www.amazon.in/Tabelito-NEO-Backpack-Business-Compartment/dp/B0C2D24G29/ref=mp_s_a_1_183?crid=2M096C61O4MLT&keywords=bags&qid=1692734256&sprefix=ba%2Caps%2C283&sr=8-183,"Tabelito® NEO 3O L Water Resistant Laptop/College/Office/School/Travel/Business Bag, Unisex Backpack for Men Women Fits Up to 15.6 Inch Laptop Notebook.",399,4.0,0
https://www.amazon.in/Zebronics-Techshield-Compartment-15-6-inch-Polyester/dp/B0C6QTMYFG/ref=mp_s_a_1_184?crid=2M096C61O4MLT&keywords=bags&qid=1692734256&sprefix=ba%2Caps%2C283&sr=8-184,"Zebronics Techshield A1, 18 Liters, 1 Compartment Laptop Backpack and Front Pocket, fit Up to 15.6-inch Laptop, Polyester Fabric, Office Use and Mini Business Travel Bags (Black)",599,5.0,0
https://www.amazon.in/Gear-DOUBLE-Resistant-Backpack-Navy-Tan/dp/B0BTJ2T26W/ref=mp_s_a_1_185?crid=2M096C61O4MLT&keywords=bags&qid=1692734256&sprefix=ba%2Caps%2C283&sr=8-185,Gear DOUBLE DECKER 31L Water Resistant Laptop Bag/Backpack/Office Bag for Men/Women (Navy-Tan),"1,019",3.5,0
https://www.amazon.in/Wildcraft-Turnaround-Polyester-Laptop-8903338054702/dp/B012D51GXO/ref=mp_s_a_1_186?crid=2M096C61O4MLT&keywords=bags&qid=1692734256&sprefix=ba%2Caps%2C283&sr=8-186,Wildcraft Turnaround Polyester 35 Ltrs Blue Laptop Bag (8903338054702),"1,748",4.4,0
https://www.amazon.in/Backpack-Colleges-Luggage-Waterproof-Stylish/dp/B09GYGCK54/ref=mp_s_a_1_187?crid=2M096C61O4MLT&keywords=bags&qid=1692734256&sprefix=ba%2Caps%2C283&sr=8-187,URBAN CARRIER Large 45 Liters Medium Backpack for school and colleges laptop bag luggage bag travel bag Unisex office bag for men Waterproof School Bag for girls stylish backpack for men,579,3.9,0
https://www.amazon.in/Safari-Overnighter-Resistant-Polyester-Travelling/dp/B097JK3X9D/ref=mp_s_a_1_188?crid=2M096C61O4MLT&keywords=bags&qid=1692734256&sprefix=ba%2Caps%2C283&sr=8-188,"Safari Crew Overnighter Backpack, 40 Ltr Water Resistant Travel Laptop Bag, Black Polyester Backpack for Men and Women, Spacious Shoulder Bag for Travelling and Camping","1,709",4.3,0
https://www.amazon.in/F-Gear-Milestone-Casual-Laptop-Backpack/dp/B08FX1R6WY/ref=mp_s_a_1_189?crid=2M096C61O4MLT&keywords=bags&qid=1692734256&sprefix=ba%2Caps%2C283&sr=8-189,F Gear Milestone Olive Casual 20 Ltrs Laptop Backpack (3376),"1,071",4.0,0
https://www.amazon.in/BEAUTY-GIRLS-HOTSHOT-Platinum-Waterproof/dp/B09JZPN4DW/ref=mp_s_a_1_190?crid=2M096C61O4MLT&keywords=bags&qid=1692734256&sprefix=ba%2Caps%2C283&sr=8-190,BEAUTY GIRLS BY HOTSHOT || Platinum Series || Limited Edition ||Bag for Girls and Women Waterproof School Bag,469,3.7,0
https://www.amazon.in/AirCase-C40-Backpack-Rucksacks-Messenger/dp/B07Y8CH69Y/ref=mp_s_a_1_191?crid=2M096C61O4MLT&keywords=bags&qid=1692734256&sprefix=ba%2Caps%2C283&sr=8-191,AirCase C40 Laptop Backpack Rucksacks Messenger Ba,999,3.2,0
https://www.amazon.in/Adjustable-Waterproof-Breathable-Anti-Shock-Compatible/dp/B0C58X3CRX/ref=mp_s_a_1_192?crid=2M096C61O4MLT&keywords=bags&qid=1692734256&sprefix=ba%2Caps%2C283&sr=8-192,"Amazon Basics Classic Camera Shoulder Bag, Adjustable Strap, Waterproof material, Breathable Mesh, Anti-Shock, Compatible with Nikon, Canon and Sony Mirrorless Cameras",799,4.4,0
https://www.amazon.in/HP-Essentials-Polyester-Laptop-Backpack/dp/B07GGS4RDV/ref=mp_s_a_1_193?crid=2M096C61O4MLT&keywords=bags&qid=1692734256&sprefix=ba%2Caps%2C283&sr=8-193,"HP Essentials Polyester Black, Grey Laptop Backpack","1,199",4.1,0
https://www.amazon.in/HOEXL-Expandable-Laptop-Backpack-Water-resistant/dp/B0C3J2RLHP/ref=mp_s_a_1_194?crid=2M096C61O4MLT&keywords=bags&qid=1692734256&sprefix=ba%2Caps%2C283&sr=8-194,"HOEXL 42L Expandable Laptop Backpack - Premium Laptop Backpacks for Men, Women for Travel, School, College - Tech Bag with USB - Bagpacker Bag for Men, 17 inch Laptop Bags for Multipurpose with Water-resistant, Smart Bag with Multiple Compartments","2,699",5.0,0
https://www.amazon.in/Storite-Cross-Travel-Dark-Grey/dp/B07PFF4RYC/ref=mp_s_a_1_195?crid=2M096C61O4MLT&keywords=bags&qid=1692734256&sprefix=ba%2Caps%2C283&sr=8-195,Storite Stylish Padded Small Nylon Sling Cross Body Travel Office Business Messenger One Side Shoulder Bag for Men Women (25x16x7.5cm) (Dark Grey),395,4.1,0
https://www.amazon.in/Stylbase-inches-Kids-Cartoon-Backpack/dp/B0C945YCJ6/ref=mp_s_a_1_196?crid=2M096C61O4MLT&keywords=bags&qid=1692734256&sprefix=ba%2Caps%2C283&sr=8-196,"Stylbase 15 inches Kids 3D Cartoon Backpack - Lightweight, Waterproof, Adjustable Shoulder Straps, 3 Compartments, Bottle Holder - Perfect for School and Outdoor Adventures",346.,4.0,0
https://www.amazon.in/ASUS-VP5700-Backpack-Repellent-Suitable/dp/B093HGZMHV/ref=mp_s_a_1_197?crid=2M096C61O4MLT&keywords=bags&qid=1692737051&sprefix=ba%2Caps%2C283&sr=8-197,"ASUS TUF Gaming VP5700 46.14 cm Backpack (Black), with Water Repellent Fabric, Suitable for up to 43.18 cm Laptop","1,199",4.4,0
https://www.amazon.in/ADISA-BP004-Weight-Casual-Backpack/dp/B07G3F1G7T/ref=mp_s_a_1_198?crid=2M096C61O4MLT&keywords=bags&qid=1692737051&sprefix=ba%2Caps%2C283&sr=8-198,ADISA Laptop Backpack 31 Ltrs,399,4.0,0
https://www.amazon.in/DZert-Rumble-School-Backpacks-Cartoon/dp/B0994PHBSL/ref=mp_s_a_1_199?crid=2M096C61O4MLT&keywords=bags&qid=1692737051&sprefix=ba%2Caps%2C283&sr=8-199,DZert Kids School Bag Soft Plush Backpacks Cartoon Boys Girls Baby (2-5 Years),249,3.7,0
https://www.amazon.in/Wildcraft-Nylon-Travel-Duffle-11550/dp/B075T81DVW/ref=mp_s_a_1_200_mod_primary_new?crid=2M096C61O4MLT&keywords=bags&qid=1692737051&sbo=RZvfv%2F%2FHxDF%2BO5021pAnSA%3D%3D&sprefix=ba%2Caps%2C283&sr=8-200,Wildcraft Nylon 7 inch Green Travel Duffle (11550),891,4.3,0
https://www.amazon.in/POLESTAR-Navyorg-Casual-bagpack-Backpack/dp/B0844R2GMK/ref=mp_s_a_1_201?crid=2M096C61O4MLT&keywords=bags&qid=1692737051&sprefix=ba%2Caps%2C283&sr=8-201,"POLESTAR Space 34 L Bag for College, School, Office, Casual Multipurpose Backpack with 15.6"" Laptop Compartment, Water Resistant, Unisex Design, Stylish & Durable, 1 Year Warranty",589,4.0,0
https://www.amazon.in/Backpack-Colleges-Luggage-Waterproof-Stylish/dp/B09GYGCK54/ref=mp_s_a_1_202?crid=2M096C61O4MLT&keywords=bags&qid=1692737051&sprefix=ba%2Caps%2C283&sr=8-202,URBAN CARRIER Large 45 Liters Medium Backpack for school and colleges laptop bag luggage bag travel bag Unisex office bag for men Waterproof School Bag for girls stylish backpack for men,579,3.9,0
https://www.amazon.in/Gear-Green-Casual-Backpack-BKPECOBP40503/dp/B019HA8DQQ/ref=mp_s_a_1_203?crid=2M096C61O4MLT&keywords=bags&qid=1692737051&sprefix=ba%2Caps%2C283&sr=8-203,Gear Eco4 18L Water Resistant School Bag//Backpack/College Bag for Men/Women - Navy Blue,439,4.0,0
https://www.amazon.in/BEAUTY-GIRLS-HOTSHOT1566-Backpack-Waterproof/dp/B0BG36CZD9/ref=mp_s_a_1_204?crid=2M096C61O4MLT&keywords=bags&qid=1692737051&sprefix=ba%2Caps%2C283&sr=8-204,BEAUTY GIRLS BY HOTSHOT1566|School Bag|Tuition Bag|College Backpack|ForGirls&Women|17Inch|32L Waterproof School Bag,740,4.1,0
https://www.amazon.in/Skybags-CAMPUS-COLLEGE-LAPTOP-BACKPACK/dp/B084258ZD8/ref=mp_s_a_1_205_mod_primary_new?crid=2M096C61O4MLT&keywords=bags&qid=1692737051&sbo=RZvfv%2F%2FHxDF%2BO5021pAnSA%3D%3D&sprefix=ba%2Caps%2C283&sr=8-205,Skybags CAMPUS GREY LOGO PRINT COLLEGE LAPTOP BACKPACK 30L,"1,899",4.2,0
https://www.amazon.in/AmazonBasics-Casual-Backpack-Office-15-6-inch/dp/B09W4VMZ79/ref=mp_s_a_1_206?crid=2M096C61O4MLT&keywords=bags&qid=1692737051&sprefix=ba%2Caps%2C283&sr=8-206,AmazonBasics - Casual Backpack/Office Bag/ for a 15.6-inch Laptop,699,4.0,0
https://www.amazon.in/American-Tourister-AMT-SCH-BAG02/dp/B07CGN5QV2/ref=mp_s_a_1_207?crid=2M096C61O4MLT&keywords=bags&qid=1692737051&sprefix=ba%2Caps%2C283&sr=8-207,American Tourister Casual Backpack,"1,249",4.1,0
https://www.amazon.in/Lenovo-Professional-Backpack-Water-resistant-Uncompromised/dp/B08R7S55H4/ref=mp_s_a_1_208?crid=2M096C61O4MLT&keywords=bags&qid=1692737051&sprefix=ba%2Caps%2C283&sr=8-208,"Lenovo 15.6"" Professional Backpack, Made in India, Water-resistant,Uncompromised storage, Travel friendly:Fleece-lined PC compartment,Vented,Padded BackPanel & Adjustable shoulder straps,Luggage strap","1,337",4.2,0
https://www.amazon.in/Fast-Travel-partition-Collage-Backpack/dp/B09XLKF4W4/ref=mp_s_a_1_209?crid=2M096C61O4MLT&keywords=bags&qid=1692737051&sprefix=ba%2Caps%2C283&sr=8-209,Fast Travel School Bag Class 5-10 Large 4 partition 45 L Laptop Collage Office Travel Backpack Unisex,620,4.0,0
https://www.amazon.in/Half-Moon-Resistant-Backpack-Compartment/dp/B0BLVNBCX5/ref=mp_s_a_1_210?crid=2M096C61O4MLT&keywords=bags&qid=1692737051&sprefix=ba%2Caps%2C283&sr=8-210,Half Moon Strike 35L Unisex Spacious School/Laptop/College/Office Travel Backpack Bag for Men Women Boys & Girls with 15.6 inch Padded Laptop Compartment & Multiple Pockets,699,3.8,0
https://www.amazon.in/American-Tourister-AMT-SCH-BAG02/dp/B07CGN5QV2/ref=mp_s_a_1_225?crid=2M096C61O4MLT&keywords=bags&qid=1692737118&sprefix=ba%2Caps%2C283&sr=8-225,American Tourister Casual Backpack,"1,249",4.1,0
https://www.amazon.in/Lenovo-Professional-Backpack-Water-resistant-Uncompromised/dp/B08R7S55H4/ref=mp_s_a_1_226?crid=2M096C61O4MLT&keywords=bags&qid=1692737118&sprefix=ba%2Caps%2C283&sr=8-226,"Lenovo 15.6"" Professional Backpack, Made in India, Water-resistant,Uncompromised storage, Travel friendly:Fleece-lined PC compartment,Vented,Padded BackPanel & Adjustable shoulder straps,Luggage strap","1,337",4.2,0
https://www.amazon.in/HOEXL-Expandable-Laptop-Backpack-Water-resistant/dp/B0C3J2RLHP/ref=mp_s_a_1_227?crid=2M096C61O4MLT&keywords=bags&qid=1692737118&sprefix=ba%2Caps%2C283&sr=8-227,"HOEXL 42L Expandable Laptop Backpack - Premium Laptop Backpacks for Men, Women for Travel, School, College - Tech Bag with USB - Bagpacker Bag for Men, 17 inch Laptop Bags for Multipurpose with Water-resistant, Smart Bag with Multiple Compartments","2,699",5.0,0
https://www.amazon.in/PUMA-Limoges-Laptop-Backpack-7548709/dp/B07D5QZ76G/ref=mp_s_a_1_228?crid=2M096C61O4MLT&keywords=bags&qid=1692737118&sprefix=ba%2Caps%2C283&sr=8-228,"Puma Laptop Backpack (7548709, Limoges, 22 Ltrs)",919,4.3,0
https://www.amazon.in/Crossbody-Waterproof-Daypack-Charging-Locomotive/dp/B0BCQ762R6/ref=mp_s_a_1_229?crid=2M096C61O4MLT&keywords=bags&qid=1692737118&sprefix=ba%2Caps%2C283&sr=8-229,HOXSURY Sling Backpack USB Anti-Theft Waterproof Chest Daypack Casual Shoulder Bag,"1,199",4.4,0
https://www.amazon.in/HAMMONDS-FLYCATCHER-Genuine-Shoulder-Messenger/dp/B07P2TQH78/ref=mp_s_a_1_230?crid=2M096C61O4MLT&keywords=bags&qid=1692737118&sprefix=ba%2Caps%2C283&sr=8-230,"HAMMONDS FLYCATCHER Genuine Leather Laptop Bag for Men - Office Bag, Brown Color - Fits Up to 14/15.6/16 Inch Laptop/MacBook - Laptop Messenger Bags/Leather Bag for Men with Adjustable Shoulder Strap","2,623",4.3,0
https://www.amazon.in/ADISA-BP004-Weight-Casual-Backpack/dp/B07G3F1G7T/ref=mp_s_a_1_231?crid=2M096C61O4MLT&keywords=bags&qid=1692737118&sprefix=ba%2Caps%2C283&sr=8-231,ADISA Laptop Backpack 31 Ltrs,399,4.0,0
https://www.amazon.in/Aristocrat-Unisex-Oxford-Fabric-28-82L/dp/B09ZV86P4S/ref=mp_s_a_1_232?crid=2M096C61O4MLT&keywords=bags&qid=1692737118&sprefix=ba%2Caps%2C283&sr=8-232,Aristocrat Unisex Black Oxford Fabric 28.82L Laptop Bags,754,3.4,0
https://www.amazon.in/Puma-Unisex-Adult-Backpack-Black-7839101/dp/B0936TLSNJ/ref=mp_s_a_1_233?crid=2M096C61O4MLT&keywords=bags&qid=1692737118&sprefix=ba%2Caps%2C283&sr=8-233,"Puma Unisex-Adult Plus Backpack II, Black, X (7839101)","1,059",4.4,0
https://www.amazon.in/TRAVEL-POINT-Double-Line-Backpack-Multipurpose/dp/B0BM9VGRVP/ref=mp_s_a_1_234?crid=2M096C61O4MLT&keywords=bags&qid=1692737118&sprefix=ba%2Caps%2C283&sr=8-234,Travel Point 25L Double-Line Backpack | Laptop Backpack | School Bag | School Backpack | Travel Backpack | Office Backpack | Multipurpose Backpack For Men & Women with 1 Year Warranty,625,3.9,0
https://www.amazon.in/FATMUG-Laptop-Bag-Men-Convertible/dp/B084LFS4G1/ref=mp_s_a_1_235?crid=2M096C61O4MLT&keywords=bags&qid=1692737118&sprefix=ba%2Caps%2C283&sr=8-235,FATMUG Laptop Bag For Men - Convertible Backpack For Office And Travel (Navy Blue Oxford Fabric),"1,699",4.4,0
https://www.amazon.in/F-Gear-Tycoon-Laptop-Backpack/dp/B071XJ6XV5/ref=mp_s_a_1_236?crid=2M096C61O4MLT&keywords=bags&qid=1692737118&sprefix=ba%2Caps%2C283&sr=8-236,F Gear Tycoon 27 Liters Laptop Backpack Sch Bag(Black),"1,149",4.4,0
https://www.amazon.in/Girls-1523-Polyester-Designer-Waterproof-Bag-Backpack/dp/B08F9YVKT1/ref=mp_s_a_1_237?crid=2M096C61O4MLT&keywords=bags&qid=1692737118&sprefix=ba%2Caps%2C283&sr=8-237,BEAUTY GIRLS BY HOTSHOT 1523 |School Bag|Tuition Bag|College Backpack|ForGirls&Women|32L Waterproof School Bag,799,4.3,0
https://www.amazon.in/Kiditos-Unicorn-Crossbody-Fidget-Shoulder/dp/B09MNMF7GR/ref=mp_s_a_1_238?crid=2M096C61O4MLT&keywords=bags&qid=1692737118&sprefix=ba%2Caps%2C283&sr=8-238,"Kiditos (Pop It Bag Unicorn Shape Sling Bag) Crossbody Bag for Kids, Pop It Bag for Girls, Pop It Fidget Toy Shoulder Bag, Fidget Purse for Kids Stress Relief Toys, Multi",249,3.9,0
https://www.amazon.in/SPENZ-BAGS-Backpack-Raincover-Baby-Pink/dp/B0C3RNFHHV/ref=mp_s_a_1_253?crid=2M096C61O4MLT&keywords=bags&qid=1692737177&sprefix=ba%2Caps%2C283&sr=8-253,"SPENZ BAGS Travel Laptop Backpack for Women & Men|Carry On Bag, College & School Students Bookbag With Raincover",845,4.0,0
https://www.amazon.in/Tommy-Hilfiger-Donte-Unisex-Backpack/dp/B0C7GFY5YC/ref=mp_s_a_1_254?crid=2M096C61O4MLT&keywords=bags&qid=1692737177&sprefix=ba%2Caps%2C283&sr=8-254,Tommy Hilfiger Donte 19 Inch Unisex Latop Backpack (14 Inch),"2,999",N/A,0
https://www.amazon.in/Gear-DOUBLE-Resistant-Backpack-Navy-Tan/dp/B0BTJ2T26W/ref=mp_s_a_1_255?crid=2M096C61O4MLT&keywords=bags&qid=1692737177&sprefix=ba%2Caps%2C283&sr=8-255,Gear DOUBLE DECKER 31L Water Resistant Laptop Bag/Backpack/Office Bag for Men/Women (Navy-Tan),"1,019",3.5,0
https://www.amazon.in/Targus-12-5-15-6-Advanced-TSB96201GL-Backpack/dp/B07JQJTRHY/ref=mp_s_a_1_256?crid=2M096C61O4MLT&keywords=bags&qid=1692737177&sprefix=ba%2Caps%2C283&sr=8-256,"Targus 12.5-15.6"" Geolite Advanced TSB96201GL Backpack (Slate Grey)","2,448",4.3,0
https://www.amazon.in/Half-Moon-Resistant-Backpack-Compartment/dp/B0BLVNBCX5/ref=mp_s_a_1_257?crid=2M096C61O4MLT&keywords=bags&qid=1692737177&sprefix=ba%2Caps%2C283&sr=8-257,Half Moon Strike 35L Unisex Spacious School/Laptop/College/Office Travel Backpack Bag for Men Women Boys & Girls with 15.6 inch Padded Laptop Compartment & Multiple Pockets,699,3.8,0
https://www.amazon.in/URBAN-CARRIER-Polyester-Resistant-Backpack/dp/B091ZG2NCX/ref=mp_s_a_1_258?crid=2M096C61O4MLT&keywords=bags&qid=1692737177&sprefix=ba%2Caps%2C283&sr=8-258,URBAN CARRIER 30 Liters Polyester Water Resistant Heavy Duty | Backpack | College Bag | Laptop Bag for Men & Women-UBC0002,431,3.6,0
https://www.amazon.in/FATMUG-Laptop-Bag-Men-Convertible/dp/B084LFS4G1/ref=mp_s_a_1_259?crid=2M096C61O4MLT&keywords=bags&qid=1692737177&sprefix=ba%2Caps%2C283&sr=8-259,FATMUG Laptop Bag For Men - Convertible Backpack For Office And Travel (Navy Blue Oxford Fabric),"1,699",4.4,0
https://www.amazon.in/F-Gear-Tycoon-Laptop-Backpack/dp/B071XJ6XV5/ref=mp_s_a_1_260?crid=2M096C61O4MLT&keywords=bags&qid=1692737177&sprefix=ba%2Caps%2C283&sr=8-260,F Gear Tycoon 27 Liters Laptop Backpack Sch Bag(Black),"1,149",4.4,0
https://www.amazon.in/Fur-Jaden-Rucksack-Backpack-BM43_Blue/dp/B07PS38XSP/ref=mp_s_a_1_261?crid=2M096C61O4MLT&keywords=bags&qid=1692737177&sprefix=ba%2Caps%2C283&sr=8-261,Fur Jaden Hiking Camping Rucksack Casual 10 Ltrs Blue Casual Backpack,239,3.6,0
https://www.amazon.in/Bennett-15-6-inch-College-Repellent-Backpack/dp/B09WZHX3B1/ref=mp_s_a_1_262?crid=2M096C61O4MLT&keywords=bags&qid=1692737177&sprefix=ba%2Caps%2C283&sr=8-262,"Bennett Casual Laptop Bag school bags for boys girls 15.6-inch, 25 LTR Office & College bags for mens Water Repellent Backpack for Men & Women (Black)",512,3.9,0
https://www.amazon.in/Hilfiger-Connor-Backpack-TH-CONNORLAP07/dp/B07N99SXB1/ref=mp_s_a_1_263?crid=2M096C61O4MLT&keywords=bags&qid=1692737177&sprefix=ba%2Caps%2C283&sr=8-263,Tommy Hilfiger Connor Laptop Backpack,"2,099",4.2,0
https://www.amazon.in/Lenovo-Backpack-water-repellent-resistant-materials/dp/B09HXYJB7B/ref=mp_s_a_1_264?crid=2M096C61O4MLT&keywords=bags&qid=1692737177&sprefix=ba%2Caps%2C283&sr=8-264,"Lenovo Laptop Backpack for 15.6"" Made water-repellent and tear resistant materials for men and women .","1,400",4.1,0
https://www.amazon.in/F-Gear-Luxur-Anti-Theft-Backpack/dp/B07BW9WM9R/ref=mp_s_a_1_265?crid=2M096C61O4MLT&keywords=bags&qid=1692737177&sprefix=ba%2Caps%2C283&sr=8-265,F Gear Luxur Anti Theft 25 Ltrs Laptop Backpack (Black),"1,099",4.4,0
https://www.amazon.in/Weekender-Travel-Backpack-Organizer-Handles/dp/B0B34WJK3X/ref=mp_s_a_1_266?crid=2M096C61O4MLT&keywords=bags&qid=1692737177&sprefix=ba%2Caps%2C283&sr=8-266,"FUR JADEN 40L Weekender Travel Laptop Backpack with Anti Theft Pocket, Organizer, 15.6 Inch Padded Laptop Sleeve and Dual Handles","1,229",4.3,0
https://www.amazon.in/Zebronics-Compartment-Backpacks-15-6-inch-Polyester/dp/B0C6QRTVCX/ref=mp_s_a_1_267?crid=2M096C61O4MLT&keywords=bags&qid=1692737194&sprefix=ba%2Caps%2C283&sr=8-267,"Zebronics Camp1, 14 Liters, 1 Compartment Laptop Backpacks Fit Up to 15.6-inch Laptop, Polyester Fabric, Office Use and Mini Business Travel Bags (Navy Blue)",499,3.0,0
https://www.amazon.in/Derben-Fabric-Leather-Laptop-Messenger/dp/B08TVL3MWJ/ref=mp_s_a_1_268?crid=2M096C61O4MLT&keywords=bags&qid=1692737194&sprefix=ba%2Caps%2C283&sr=8-268,"DERBEN CLOVE® 15.6 Men and Women Laptop, MacBook Shoulder Messenger Sling Office Bag - Grey",899,4.1,0
https://www.amazon.in/Amazon-Basics-Professional-Backpack-15-inch-Laptop/dp/B09W4WB3K5/ref=mp_s_a_1_269?crid=2M096C61O4MLT&keywords=bags&qid=1692737194&sprefix=ba%2Caps%2C283&sr=8-269,"Amazon Basics - Laptop Backpack/College Bag/Travel Bag for 15.6-inch Laptop, Water-Resistant, Casual","1,669",3.5,0
https://www.amazon.in/Lavie-Sport-Anti-Theft-Backpack-Business/dp/B0C6YB3ZDC/ref=mp_s_a_1_270?crid=2M096C61O4MLT&keywords=bags&qid=1692737194&sprefix=ba%2Caps%2C283&sr=8-270,Lavie Sport Astro Anti-Theft Casual Backpack with Laptop Sleeve | Business Bag for Men & Women | Durable Office Bag for Notebook/MacBook,"1,249",4.1,0
https://www.amazon.in/Wildcraft-Litres-Backpack-11908-Pink_-Pink/dp/B083ZS5R1K/ref=mp_s_a_1_271?crid=2M096C61O4MLT&keywords=bags&qid=1692737194&sprefix=ba%2Caps%2C283&sr=8-271,Wildcraft 35 Litres Backpack (11908-Pink_ Pink),"1,084",4.0,0
https://www.amazon.in/HP-Essentials-Polyester-Laptop-Backpack/dp/B07GGS4RDV/ref=mp_s_a_1_272?crid=2M096C61O4MLT&keywords=bags&qid=1692737194&sprefix=ba%2Caps%2C283&sr=8-272,"HP Essentials Polyester Black, Grey Laptop Backpack","1,199",4.1,0
https://www.amazon.in/Waterproof-Backpack-Students-adjustable-Compartment/dp/B09V5HRYR7/ref=mp_s_a_1_273?crid=2M096C61O4MLT&keywords=bags&qid=1692737194&sprefix=ba%2Caps%2C283&sr=8-273,CAPRIFF 32 L Casual Waterproof Laptop Bag/Backpack for Men Boys & Girls For Office School College Teens & Students with Rain Cover With adjustable Strap With 2 Compartment,699,3.8,0
https://www.amazon.in/Safari-Swagpack-Backpack-Compartments-Raincover/dp/B09B25QMKY/ref=mp_s_a_1_274?crid=2M096C61O4MLT&keywords=bags&qid=1692737194&sprefix=ba%2Caps%2C283&sr=8-274,Safari Swagpack 35 Ltrs Large Laptop Backpack With 3 Compartments and Raincover - Black (SWAGPACK19CBBLK),"1,255",3.7,0
https://www.amazon.in/Waterproof-Backpack-College-Business-Dimensions/dp/B0BW95MXRJ/ref=mp_s_a_1_275?crid=2M096C61O4MLT&keywords=bags&qid=1692737194&sprefix=ba%2Caps%2C283&sr=8-275,NORTH ZONE Casual Waterproof Laptop Backpack/Office Bag/School Bag/College Bag/Business Bag/Travel Backpack (Dimensions:13x18 inches) (Compatible with 39.62cm(15.6inch laptop) 30 L (Blue & black),486,4.6,0
https://www.amazon.in/Wooum-Resistant-Material-Messenger-Compartment/dp/B09KV7Y3KL/ref=mp_s_a_1_276?crid=2M096C61O4MLT&keywords=bags&qid=1692737194&sprefix=ba%2Caps%2C283&sr=8-276,Wooum Water Resistant Material Sling Bag/One Side Bag/Shoulder Bag/Messenger Bag/Office Messenger Bag/Travel Side Bag with 14.1 Inch Laptop Compartment -,474,4.0,0
https://www.amazon.in/Cosmus-Casual-Navy-Laptop-Backpack/dp/B08R7M639Z/ref=mp_s_a_1_277?crid=2M096C61O4MLT&keywords=bags&qid=1692737194&sprefix=ba%2Caps%2C283&sr=8-277,COSMUS ACE Casual 45 cm 22 Ltr Laptop Backpack Bag,843,4.0,0
https://www.amazon.in/Gear-Jacquard-Fashion-Backpack-BKPJCQURD1401/dp/B08GY328RX/ref=mp_s_a_1_278?crid=2M096C61O4MLT&keywords=bags&qid=1692737194&sprefix=ba%2Caps%2C283&sr=8-278,"Gear Jacquard 26 Ltrs Camo Black Fashion Backpack For School, College, Travel With Raincover (Bkpjcqurd1401) With Raincover",839,4.2,0
https://www.amazon.in/F-Gear-Talent-Laptop-Backpack-Grey/dp/B078KS2FX1/ref=mp_s_a_1_279?crid=2M096C61O4MLT&keywords=bags&qid=1692737194&sprefix=ba%2Caps%2C283&sr=8-279,"F Gear Talent Laptop Backpack With Rain Cover 32 Liters (Grey,Black)","1,329",4.4,0
https://www.amazon.in/Fast-Travel-partition-Collage-Backpack/dp/B09XLK25VC/ref=mp_s_a_1_280?crid=2M096C61O4MLT&keywords=bags&qid=1692737194&sprefix=ba%2Caps%2C283&sr=8-280,Fast Travel School Bag Class 5-10 Large 4 partition 45 L Laptop Collage Office Travel Backpack Unisex,620,4.0,0
